track_id, year, month, day, hour, i, j, lon, lat, msl, wind, zs
0, 2020, 2, 5, 0, 1029, 306, 77.250000, -13.500000, 1.003922e+05, 1.066342e+01, 8.028284e+02
0, 2020, 2, 5, 12, 1029, 303, 77.250000, -14.250000, 1.002878e+05, 1.308112e+01, 5.936039e+02
0, 2020, 2, 5, 18, 1028, 303, 77.000000, -14.250000, 1.005058e+05, 1.238717e+01, 6.162203e+02
0, 2020, 2, 6, 0, 1029, 302, 77.250000, -14.500000, 1.002118e+05, 1.456594e+01, 5.224584e+02
0, 2020, 2, 6, 6, 1031, 301, 77.750000, -14.750000, 1.003200e+05, 1.382820e+01, 3.242216e+02
0, 2020, 2, 6, 12, 1031, 297, 77.750000, -15.750000, 1.000783e+05, 1.584802e+01, 3.613968e+02
0, 2020, 2, 6, 18, 1032, 295, 78.000000, -16.250000, 1.001722e+05, 1.722430e+01, 3.622209e+02
0, 2020, 2, 7, 0, 1033, 291, 78.250000, -17.250000, 9.985747e+04, 2.002538e+01, 5.929630e+02
0, 2020, 2, 7, 6, 1033, 291, 78.250000, -17.250000, 9.977946e+04, 2.111749e+01, 5.929630e+02
0, 2020, 2, 7, 12, 1036, 289, 79.000000, -17.750000, 9.938187e+04, 2.225705e+01, 4.466432e+02
0, 2020, 2, 7, 18, 1033, 286, 78.250000, -18.500000, 9.917554e+04, 2.657878e+01, 4.785076e+02
0, 2020, 2, 8, 0, 1030, 285, 77.500000, -18.750000, 9.896566e+04, 2.410961e+01, 3.869432e+02
0, 2020, 2, 8, 6, 1029, 288, 77.250000, -18.000000, 9.919854e+04, 2.483442e+01, 6.001050e+02
0, 2020, 2, 8, 12, 1032, 288, 78.000000, -18.000000, 9.876356e+04, 2.208139e+01, 4.967289e+02
0, 2020, 2, 8, 18, 1036, 282, 79.000000, -19.500000, 9.875544e+04, 2.321768e+01, 4.083693e+02
0, 2020, 2, 9, 0, 1035, 282, 78.750000, -19.500000, 9.850866e+04, 2.522528e+01, 4.137716e+02
0, 2020, 2, 9, 6, 1036, 277, 79.000000, -20.750000, 9.842308e+04, 2.451377e+01, 2.698324e+02
0, 2020, 2, 9, 12, 1034, 273, 78.500000, -21.750000, 9.833851e+04, 2.369956e+01, 5.944280e+02
0, 2020, 2, 9, 18, 1033, 269, 78.250000, -22.750000, 9.841409e+04, 2.599380e+01, 3.556282e+02
0, 2020, 2, 10, 0, 1027, 264, 76.750000, -24.000000, 9.780694e+04, 2.831366e+01, 4.070874e+02
0, 2020, 2, 10, 6, 1024, 262, 76.000000, -24.500000, 9.743948e+04, 2.513789e+01, 3.628618e+02
0, 2020, 2, 10, 12, 1021, 258, 75.250000, -25.500000, 9.733239e+04, 2.444084e+01, 3.553535e+02
0, 2020, 2, 10, 18, 1020, 256, 75.000000, -26.000000, 9.740698e+04, 2.460729e+01, 3.711026e+02
0, 2020, 2, 11, 0, 1019, 252, 74.750000, -27.000000, 9.747360e+04, 2.306852e+01, 4.150535e+02
0, 2020, 2, 11, 6, 1019, 249, 74.750000, -27.750000, 9.762886e+04, 2.466050e+01, 3.363081e+02
0, 2020, 2, 11, 12, 1019, 244, 74.750000, -29.000000, 9.738594e+04, 2.549402e+01, 2.028989e+02
0, 2020, 2, 11, 18, 1021, 241, 75.250000, -29.750000, 9.749777e+04, 2.728514e+01, 2.104072e+02
0, 2020, 2, 12, 0, 1024, 235, 76.000000, -31.250000, 9.749659e+04, 2.699178e+01, 2.642470e+02
0, 2020, 2, 12, 6, 1026, 232, 76.500000, -32.000000, 9.773623e+04, 2.260442e+01, 1.376571e+03
0, 2020, 2, 12, 12, 1032, 227, 78.000000, -33.250000, 9.781298e+04, 2.291771e+01, 5.101774e+03
0, 2020, 2, 12, 18, 1038, 222, 79.500000, -34.500000, 9.808280e+04, 2.108385e+01, 5.439097e+03
0, 2020, 2, 13, 0, 1046, 214, 81.500000, -36.500000, 9.788341e+04, 2.250194e+01, 2.103866e+03
0, 2020, 2, 13, 6, 1054, 202, 83.500000, -39.500000, 9.716577e+04, 2.511128e+01, 1.061956e+03
0, 2020, 2, 13, 12, 1059, 191, 84.750000, -42.250000, 9.582123e+04, 2.714755e+01, 2.538797e+03
0, 2020, 2, 13, 18, 1064, 181, 86.000000, -44.750000, 9.441275e+04, 3.250486e+01, 3.344769e+02
0, 2020, 2, 14, 0, 1071, 174, 87.750000, -46.500000, 9.368036e+04, 3.334243e+01, 5.620142e+02
0, 2020, 2, 14, 6, 1075, 168, 88.750000, -48.000000, 9.379945e+04, 2.630867e+01, 2.303385e+03
0, 2020, 2, 14, 12, 1084, 164, 91.000000, -49.000000, 9.416241e+04, 2.337613e+01, 1.772586e+03
0, 2020, 2, 14, 18, 1092, 161, 93.000000, -49.750000, 9.463336e+04, 2.130368e+01, 1.346080e+03
0, 2020, 2, 15, 0, 1104, 158, 96.000000, -50.500000, 9.526519e+04, 2.067034e+01, 1.977965e+03
0, 2020, 2, 15, 6, 1117, 154, 99.250000, -51.500000, 9.567997e+04, 1.981050e+01, 1.876878e+03
0, 2020, 2, 15, 12, 1131, 150, 102.750000, -52.500000, 9.592672e+04, 1.787497e+01, 7.538416e+02
0, 2020, 2, 15, 18, 1143, 146, 105.750000, -53.500000, 9.611386e+04, 1.764198e+01, 8.157390e+02
0, 2020, 2, 16, 0, 1158, 143, 109.500000, -54.250000, 9.633422e+04, 1.723872e+01, 8.560273e+02
0, 2020, 2, 16, 6, 1173, 137, 113.250000, -55.750000, 9.628530e+04, 1.696630e+01, 1.367780e+03
0, 2020, 2, 16, 12, 1185, 130, 116.250000, -57.500000, 9.622495e+04, 1.522036e+01, 8.463215e+02
0, 2020, 2, 16, 18, 1198, 125, 119.500000, -58.750000, 9.614997e+04, 1.526164e+01, 4.548840e+02
0, 2020, 2, 17, 6, 1220, 117, 125.000000, -60.750000, 9.649264e+04, 1.331867e+01, 3.772374e+02
0, 2020, 2, 17, 12, 1231, 114, 127.750000, -61.500000, 9.678907e+04, 1.236562e+01, 2.839333e+02
0, 2020, 2, 17, 18, 1239, 112, 129.750000, -62.000000, 9.711283e+04, 1.187412e+01, 1.532710e+02
0, 2020, 2, 18, 0, 1251, 111, 132.750000, -62.250000, 9.767381e+04, 1.240024e+01, 2.083928e+02
1, 2020, 2, 27, 18, 901, 317, 45.250000, -10.750000, 1.006850e+05, 1.722044e+01, 2.041118e+01
1, 2020, 2, 28, 0, 898, 316, 44.500000, -11.000000, 1.003460e+05, 1.571046e+01, 1.732056e+00
1, 2020, 2, 28, 6, 901, 318, 45.250000, -10.500000, 1.003609e+05, 1.560067e+01, 9.613489e+01
1, 2020, 2, 28, 12, 900, 317, 45.000000, -10.750000, 9.998852e+04, 1.579456e+01, 5.852451e+00
1, 2020, 2, 28, 18, 900, 315, 45.000000, -11.250000, 9.999585e+04, 1.602896e+01, 6.332834e-01
1, 2020, 2, 29, 0, 899, 313, 44.750000, -11.750000, 9.886379e+04, 2.580860e+01, 6.332834e-01
1, 2020, 2, 29, 6, 898, 313, 44.500000, -11.750000, 9.868848e+04, 2.837606e+01, -1.014875e+00
1, 2020, 2, 29, 12, 898, 313, 44.500000, -11.750000, 9.823120e+04, 2.421641e+01, -1.014875e+00
1, 2020, 2, 29, 18, 899, 313, 44.750000, -11.750000, 9.839968e+04, 3.200472e+01, 6.332834e-01
1, 2020, 3, 1, 0, 901, 313, 45.250000, -11.750000, 9.777889e+04, 2.859799e+01, 2.006748e+00
1, 2020, 3, 1, 6, 903, 312, 45.750000, -12.000000, 9.803564e+04, 2.854528e+01, 4.021164e+00
1, 2020, 3, 1, 12, 906, 309, 46.500000, -12.750000, 9.752970e+04, 3.317765e+01, 2.636286e+01
1, 2020, 3, 1, 18, 907, 305, 46.750000, -13.750000, 9.714900e+04, 3.154461e+01, 2.926320e+02
1, 2020, 3, 2, 0, 908, 301, 47.000000, -14.750000, 9.656908e+04, 3.690706e+01, 1.300389e+03
1, 2020, 3, 2, 6, 908, 299, 47.000000, -15.250000, 9.832059e+04, 2.897216e+01, 9.436544e+02
1, 2020, 3, 2, 12, 911, 297, 47.750000, -15.750000, 9.864739e+04, 1.954019e+01, 8.581333e+02
1, 2020, 3, 2, 18, 914, 293, 48.500000, -16.750000, 9.963952e+04, 1.318614e+01, 9.409990e+02
1, 2020, 3, 3, 0, 919, 291, 49.750000, -17.250000, 9.955018e+04, 1.570420e+01, 7.018330e+02
1, 2020, 3, 3, 6, 920, 287, 50.000000, -18.250000, 9.977127e+04, 1.609029e+01, 3.803506e+02
1, 2020, 3, 3, 12, 922, 281, 50.500000, -19.750000, 9.948702e+04, 1.613223e+01, 2.562809e+02
1, 2020, 3, 3, 18, 920, 274, 50.000000, -21.500000, 9.966605e+04, 1.990874e+01, 2.159926e+02
1, 2020, 3, 4, 0, 921, 273, 50.250000, -21.750000, 9.933311e+04, 1.910573e+01, 1.946581e+02
1, 2020, 3, 4, 6, 925, 271, 51.250000, -22.250000, 9.936162e+04, 2.033727e+01, 1.135321e+02
1, 2020, 3, 4, 12, 923, 270, 50.750000, -22.500000, 9.889246e+04, 2.284140e+01, 1.421002e+02
1, 2020, 3, 4, 18, 929, 270, 52.250000, -22.500000, 9.904623e+04, 2.325459e+01, 9.119041e+01
1, 2020, 3, 5, 0, 930, 268, 52.500000, -23.000000, 9.842504e+04, 3.038429e+01, 9.256388e+01
1, 2020, 3, 5, 6, 935, 269, 53.750000, -22.750000, 9.861243e+04, 2.586991e+01, 1.259849e+02
1, 2020, 3, 5, 12, 938, 267, 54.500000, -23.250000, 9.853123e+04, 2.449976e+01, 1.201247e+02
1, 2020, 3, 5, 18, 942, 266, 55.500000, -23.500000, 9.863292e+04, 2.586285e+01, 1.633431e+02
1, 2020, 3, 6, 0, 948, 265, 57.000000, -23.750000, 9.810544e+04, 2.767403e+01, 3.926202e+02
1, 2020, 3, 6, 6, 954, 264, 58.500000, -24.000000, 9.819950e+04, 2.686287e+01, -7.666904e-03
1, 2020, 3, 6, 12, 960, 263, 60.000000, -24.250000, 9.793787e+04, 2.592661e+01, 7.248478e-01
1, 2020, 3, 6, 18, 965, 257, 61.250000, -25.750000, 9.795806e+04, 2.723188e+01, 8.047739e+01
1, 2020, 3, 7, 0, 974, 256, 63.500000, -26.000000, 9.747597e+04, 3.019922e+01, 4.970036e+02
1, 2020, 3, 7, 6, 980, 253, 65.000000, -26.750000, 9.758987e+04, 2.585535e+01, 1.104899e+03
1, 2020, 3, 7, 12, 987, 248, 66.750000, -28.000000, 9.748602e+04, 2.678848e+01, 1.431051e+03
1, 2020, 3, 7, 18, 994, 242, 68.500000, -29.500000, 9.777009e+04, 2.688930e+01, 6.603544e+02
1, 2020, 3, 8, 0, 999, 237, 69.750000, -30.750000, 9.777102e+04, 2.551791e+01, 1.488462e+03
1, 2020, 3, 8, 6, 1004, 232, 71.000000, -32.000000, 9.847906e+04, 2.326725e+01, 2.245081e+02
1, 2020, 3, 8, 12, 1011, 228, 72.750000, -33.000000, 9.873673e+04, 2.380193e+01, 4.874809e+02
2, 2020, 7, 15, 0, 1229, 432, 127.250000, 18.000000, 1.005454e+05, 1.252802e+01, 4.102006e+02
2, 2020, 7, 15, 6, 1228, 433, 127.000000, 18.250000, 1.002674e+05, 1.359488e+01, 3.744905e+02
2, 2020, 7, 15, 12, 1231, 430, 127.750000, 17.500000, 1.002671e+05, 1.519147e+01, 4.408746e+02
2, 2020, 7, 15, 18, 1236, 435, 129.000000, 18.750000, 9.981939e+04, 1.583988e+01, 4.036079e+02
2, 2020, 7, 16, 0, 1233, 435, 128.250000, 18.750000, 9.980812e+04, 1.820199e+01, 3.525150e+02
2, 2020, 7, 16, 6, 1239, 436, 129.750000, 19.000000, 9.943570e+04, 1.965595e+01, 4.388602e+02
2, 2020, 7, 16, 12, 1241, 442, 130.250000, 20.500000, 9.936538e+04, 2.243847e+01, 3.689966e+02
2, 2020, 7, 16, 18, 1242, 445, 130.500000, 21.250000, 9.905027e+04, 2.001286e+01, 4.087355e+02
2, 2020, 7, 17, 0, 1242, 448, 130.500000, 22.000000, 9.885709e+04, 2.170713e+01, 5.570698e+02
2, 2020, 7, 17, 6, 1244, 453, 131.000000, 23.250000, 9.871042e+04, 2.365129e+01, 6.129240e+02
2, 2020, 7, 17, 12, 1243, 459, 130.750000, 24.750000, 9.868998e+04, 2.281181e+01, 4.833605e+02
2, 2020, 7, 17, 18, 1243, 465, 130.750000, 26.250000, 9.843381e+04, 2.245535e+01, 6.687783e+02
2, 2020, 7, 18, 0, 1242, 471, 130.500000, 27.750000, 9.834416e+04, 2.209250e+01, 4.308026e+02
2, 2020, 7, 18, 6, 1241, 476, 130.250000, 29.000000, 9.827467e+04, 2.433900e+01, 2.589363e+02
2, 2020, 7, 18, 12, 1238, 480, 129.500000, 30.000000, 9.853480e+04, 2.159290e+01, 1.809235e+02
2, 2020, 7, 18, 18, 1239, 482, 129.750000, 30.500000, 9.854066e+04, 1.913594e+01, 1.490591e+02
2, 2020, 7, 19, 0, 1242, 484, 130.500000, 31.000000, 9.871078e+04, 1.914117e+01, 1.025444e+02
2, 2020, 7, 19, 6, 1244, 486, 131.000000, 31.500000, 9.860127e+04, 1.904831e+01, 3.185672e+01
2, 2020, 7, 19, 12, 1253, 485, 133.250000, 31.250000, 9.867645e+04, 2.237704e+01, 1.278161e+02
2, 2020, 7, 19, 18, 1260, 489, 135.000000, 32.250000, 9.813805e+04, 2.287079e+01, 1.523554e+02
2, 2020, 7, 20, 0, 1269, 488, 137.250000, 32.000000, 9.795777e+04, 2.594532e+01, 1.081298e+02
2, 2020, 7, 20, 6, 1275, 491, 138.750000, 32.750000, 9.815097e+04, 2.425547e+01, 4.615682e+02
2, 2020, 7, 20, 12, 1281, 492, 140.250000, 33.000000, 9.841027e+04, 2.172020e+01, 1.366063e+02
2, 2020, 7, 20, 18, 1290, 494, 142.500000, 33.500000, 9.842392e+04, 2.064463e+01, 6.646804e+01
2, 2020, 7, 21, 0, 1297, 495, 144.250000, 33.750000, 9.861527e+04, 1.982385e+01, 8.047739e+01
2, 2020, 7, 21, 6, 1304, 497, 146.000000, 34.250000, 9.856884e+04, 1.840522e+01, 1.374304e+02
2, 2020, 7, 21, 12, 1311, 497, 147.750000, 34.250000, 9.871089e+04, 1.825944e+01, 2.679096e+02
2, 2020, 7, 21, 18, 1316, 498, 149.000000, 34.500000, 9.857693e+04, 1.597278e+01, 6.137481e+02
2, 2020, 7, 22, 0, 1322, 495, 150.500000, 33.750000, 9.879950e+04, 1.683652e+01, 4.132222e+02
2, 2020, 7, 22, 6, 1326, 493, 151.500000, 33.250000, 9.871527e+04, 1.657034e+01, 7.480040e+01
2, 2020, 7, 22, 12, 1333, 492, 153.250000, 33.000000, 9.878327e+04, 1.815529e+01, -6.486173e-01
2, 2020, 7, 22, 18, 1338, 491, 154.500000, 32.750000, 9.869548e+04, 2.035107e+01, 7.248478e-01
2, 2020, 7, 23, 0, 1342, 493, 155.500000, 33.250000, 9.874656e+04, 1.999431e+01, -4.654886e-01
2, 2020, 7, 23, 6, 1347, 493, 156.750000, 33.250000, 9.880465e+04, 1.807785e+01, 9.079765e-01
2, 2020, 7, 23, 12, 1353, 496, 158.250000, 34.000000, 9.908214e+04, 2.114424e+01, -9.923124e-02
2, 2020, 7, 23, 18, 1356, 501, 159.000000, 35.250000, 9.891263e+04, 2.047941e+01, 8.389743e-02
2, 2020, 7, 24, 0, 1358, 505, 159.500000, 36.250000, 9.912863e+04, 2.047739e+01, -4.654886e-01
2, 2020, 7, 24, 6, 1360, 506, 160.000000, 36.500000, 9.914566e+04, 1.852604e+01, 2.670261e-01
2, 2020, 7, 24, 12, 1362, 507, 160.500000, 36.750000, 9.929855e+04, 1.816064e+01, -1.907956e-01
2, 2020, 7, 24, 18, 1363, 509, 160.750000, 37.250000, 9.941352e+04, 1.635676e+01, 8.389743e-02
2, 2020, 7, 25, 0, 1364, 509, 161.000000, 37.250000, 9.966719e+04, 1.471139e+01, 5.417191e-01
2, 2020, 7, 25, 6, 1364, 508, 161.000000, 37.000000, 9.968048e+04, 1.398544e+01, 1.754618e-01
2, 2020, 7, 25, 12, 1365, 507, 161.250000, 36.750000, 9.993955e+04, 1.401726e+01, 8.389743e-02
2, 2020, 7, 25, 18, 1367, 505, 161.750000, 36.250000, 9.996425e+04, 1.314841e+01, -1.907956e-01
3, 2020, 7, 17, 0, 1199, 455, 119.750000, 23.750000, 9.937103e+04, 1.720863e+01, 5.989147e+02
3, 2020, 7, 17, 6, 1200, 462, 120.000000, 25.500000, 9.912748e+04, 1.636189e+01, 5.581685e+02
3, 2020, 7, 17, 12, 1202, 464, 120.500000, 26.000000, 9.915091e+04, 1.508570e+01, 5.856378e+02
3, 2020, 7, 17, 18, 1209, 463, 122.250000, 25.750000, 9.922454e+04, 1.495917e+01, 4.781413e+02
3, 2020, 7, 18, 0, 1198, 461, 119.500000, 25.250000, 9.922706e+04, 1.500709e+01, 5.666840e+02
3, 2020, 7, 18, 6, 1200, 460, 120.000000, 25.000000, 9.920823e+04, 1.318965e+01, 6.141144e+02
3, 2020, 7, 18, 12, 1201, 462, 120.250000, 25.500000, 9.927284e+04, 1.317024e+01, 5.586263e+02
3, 2020, 7, 18, 18, 1200, 462, 120.000000, 25.500000, 9.909500e+04, 1.600177e+01, 5.581685e+02
3, 2020, 7, 19, 0, 1198, 461, 119.500000, 25.250000, 9.929036e+04, 1.292983e+01, 5.666840e+02
3, 2020, 7, 19, 6, 1205, 453, 121.250000, 23.250000, 9.915034e+04, 1.705247e+01, 5.291426e+02
3, 2020, 7, 19, 12, 1200, 457, 120.000000, 24.250000, 9.921624e+04, 1.414654e+01, 6.105433e+02
3, 2020, 7, 19, 18, 1200, 457, 120.000000, 24.250000, 9.889568e+04, 1.654218e+01, 6.105433e+02
3, 2020, 7, 20, 0, 1202, 456, 120.500000, 24.000000, 9.910305e+04, 1.844010e+01, 5.901245e+02
3, 2020, 7, 20, 6, 1209, 467, 122.250000, 26.750000, 9.883524e+04, 1.522444e+01, 5.091816e+02
3, 2020, 7, 20, 12, 1212, 470, 123.000000, 27.500000, 9.897495e+04, 1.523208e+01, 4.896784e+02
3, 2020, 7, 20, 18, 1210, 468, 122.500000, 27.000000, 9.894398e+04, 1.619715e+01, 5.046034e+02
3, 2020, 7, 21, 0, 1215, 475, 123.750000, 28.750000, 9.911380e+04, 1.497641e+01, 4.336411e+02
3, 2020, 7, 21, 6, 1217, 477, 124.250000, 29.250000, 9.895953e+04, 1.488944e+01, 4.094680e+02
3, 2020, 7, 21, 12, 1220, 482, 125.000000, 30.500000, 9.908385e+04, 1.397949e+01, 2.100409e+02
3, 2020, 7, 21, 18, 1232, 492, 128.000000, 33.000000, 9.894386e+04, 1.564762e+01, 5.417191e-01
3, 2020, 7, 22, 0, 1233, 495, 128.250000, 33.750000, 9.875279e+04, 1.752330e+01, -9.923124e-02
3, 2020, 7, 22, 6, 1236, 499, 129.000000, 34.750000, 9.863856e+04, 1.638549e+01, 4.501548e-01
3, 2020, 7, 22, 12, 1241, 504, 130.250000, 36.000000, 9.870447e+04, 1.742178e+01, -3.739243e-01
3, 2020, 7, 22, 18, 1244, 503, 131.000000, 35.750000, 9.848781e+04, 1.792108e+01, -3.739243e-01
3, 2020, 7, 23, 0, 1251, 505, 132.750000, 36.250000, 9.853430e+04, 1.871701e+01, -2.823599e-01
3, 2020, 7, 23, 6, 1270, 506, 137.500000, 36.500000, 9.857173e+04, 1.242697e+01, -3.944933e+00
3, 2020, 7, 24, 6, 1291, 518, 142.750000, 39.500000, 9.924058e+04, 1.068320e+01, -4.219626e+00
4, 2020, 8, 29, 6, 439, 429, -70.250000, 17.250000, 1.008053e+05, 1.311551e+01, 3.809527e+03
4, 2020, 8, 29, 12, 440, 427, -70.000000, 16.750000, 1.008456e+05, 1.406381e+01, 4.568137e+03
4, 2020, 8, 29, 18, 436, 427, -71.000000, 16.750000, 1.007869e+05, 1.501701e+01, 2.761023e+03
4, 2020, 8, 30, 0, 435, 428, -71.250000, 17.000000, 1.005363e+05, 1.762599e+01, 1.660695e+03
4, 2020, 8, 30, 6, 430, 431, -72.500000, 17.750000, 1.005413e+05, 1.645073e+01, 1.915184e+00
4, 2020, 8, 30, 12, 428, 433, -73.000000, 18.250000, 1.008347e+05, 1.283270e+01, -9.923124e-02
4, 2020, 8, 30, 18, 424, 437, -74.000000, 19.250000, 1.008301e+05, 1.386673e+01, 2.647699e+00
4, 2020, 8, 31, 0, 418, 438, -75.500000, 19.500000, 1.007361e+05, 1.381567e+01, 2.670261e-01
4, 2020, 8, 31, 6, 415, 439, -76.250000, 19.750000, 1.005750e+05, 1.356657e+01, -7.666904e-03
4, 2020, 8, 31, 12, 413, 442, -76.750000, 20.500000, 1.006324e+05, 1.657924e+01, 3.585905e-01
4, 2020, 8, 31, 18, 409, 447, -77.750000, 21.750000, 1.007769e+05, 1.429148e+01, 4.501548e-01
4, 2020, 9, 1, 0, 406, 451, -78.500000, 22.750000, 1.005608e+05, 1.586210e+01, -1.907956e-01
4, 2020, 9, 1, 6, 401, 453, -79.750000, 23.250000, 1.003723e+05, 1.565666e+01, -8.317459e-01
4, 2020, 9, 1, 12, 397, 455, -80.750000, 23.750000, 1.002763e+05, 1.522451e+01, 6.332834e-01
4, 2020, 9, 1, 18, 395, 456, -81.250000, 24.000000, 1.001411e+05, 1.449905e+01, 6.332834e-01
4, 2020, 9, 2, 0, 394, 458, -81.500000, 24.500000, 9.985100e+04, 1.485945e+01, 4.501548e-01
4, 2020, 9, 2, 6, 393, 461, -81.750000, 25.250000, 9.962593e+04, 1.845621e+01, -3.739243e-01
4, 2020, 9, 2, 12, 393, 465, -81.750000, 26.250000, 9.957341e+04, 1.664322e+01, -1.907956e-01
4, 2020, 9, 2, 18, 394, 469, -81.500000, 27.250000, 9.965124e+04, 1.703353e+01, -1.907956e-01
4, 2020, 9, 3, 0, 395, 472, -81.250000, 28.000000, 9.950897e+04, 1.693897e+01, -7.401816e-01
4, 2020, 9, 3, 6, 399, 477, -80.250000, 29.250000, 9.941762e+04, 2.055268e+01, 1.182670e+00
4, 2020, 9, 3, 12, 402, 483, -79.500000, 30.750000, 9.920875e+04, 2.065461e+01, -9.233103e-01
4, 2020, 9, 3, 18, 406, 487, -78.500000, 31.750000, 9.893816e+04, 2.436633e+01, -1.907956e-01
4, 2020, 9, 4, 0, 411, 492, -77.250000, 33.000000, 9.879650e+04, 2.676472e+01, 1.754618e-01
4, 2020, 9, 4, 6, 417, 492, -75.750000, 33.000000, 9.884773e+04, 2.981112e+01, 2.556134e+00
4, 2020, 9, 4, 12, 424, 498, -74.000000, 34.500000, 9.864131e+04, 3.113393e+01, 1.754618e-01
4, 2020, 9, 4, 18, 431, 501, -72.250000, 35.250000, 9.847421e+04, 3.031719e+01, 1.831210e+02
4, 2020, 9, 5, 0, 437, 501, -70.750000, 35.250000, 9.869598e+04, 2.650777e+01, 1.917258e+03
4, 2020, 9, 5, 6, 441, 504, -69.750000, 36.000000, 9.829770e+04, 3.108951e+01, 1.877061e+03
4, 2020, 9, 5, 12, 447, 505, -68.250000, 36.250000, 9.775445e+04, 3.545203e+01, 1.086403e+03
4, 2020, 9, 5, 18, 451, 507, -67.250000, 36.750000, 9.724392e+04, 3.608172e+01, 3.810831e+02
4, 2020, 9, 6, 0, 453, 509, -66.750000, 37.250000, 9.722659e+04, 2.867432e+01, 2.636060e+02
4, 2020, 9, 6, 6, 455, 510, -66.250000, 37.500000, 9.705414e+04, 2.928170e+01, 2.552737e+02
4, 2020, 9, 6, 12, 455, 511, -66.250000, 37.750000, 9.698465e+04, 3.391610e+01, 2.593026e+02
4, 2020, 9, 6, 18, 457, 511, -65.750000, 37.750000, 9.700442e+04, 3.136115e+01, 2.347633e+02
4, 2020, 9, 7, 0, 461, 509, -64.750000, 37.250000, 9.720891e+04, 3.259728e+01, 2.817358e+02
4, 2020, 9, 7, 6, 466, 509, -63.500000, 37.250000, 9.722852e+04, 3.283577e+01, 1.347750e+02
4, 2020, 9, 7, 12, 469, 506, -62.750000, 36.500000, 9.745048e+04, 2.899202e+01, 1.152718e+02
4, 2020, 9, 7, 18, 469, 504, -62.750000, 36.000000, 9.756151e+04, 2.625235e+01, 9.402891e+01
4, 2020, 9, 8, 0, 470, 504, -62.500000, 36.000000, 9.793236e+04, 2.657213e+01, 8.807722e+01
4, 2020, 9, 8, 6, 468, 502, -63.000000, 35.500000, 9.788286e+04, 2.804589e+01, 1.060238e+02
4, 2020, 9, 8, 12, 467, 501, -63.250000, 35.250000, 9.810711e+04, 2.918245e+01, 1.117008e+02
4, 2020, 9, 8, 18, 466, 501, -63.500000, 35.250000, 9.808200e+04, 2.837202e+01, 1.215898e+02
4, 2020, 9, 9, 0, 466, 500, -63.500000, 35.000000, 9.812577e+04, 2.789001e+01, 1.255270e+02
4, 2020, 9, 9, 6, 466, 501, -63.500000, 35.250000, 9.826649e+04, 2.302544e+01, 1.215898e+02
4, 2020, 9, 9, 12, 467, 502, -63.250000, 35.500000, 9.824881e+04, 2.702036e+01, 1.105105e+02
4, 2020, 9, 9, 18, 469, 502, -62.750000, 35.500000, 9.812348e+04, 2.997609e+01, 9.668427e+01
4, 2020, 9, 10, 0, 472, 504, -62.000000, 36.000000, 9.819930e+04, 3.281965e+01, 8.926756e+01
4, 2020, 9, 10, 6, 475, 506, -61.250000, 36.500000, 9.826798e+04, 2.841226e+01, 1.092286e+02
4, 2020, 9, 10, 12, 478, 508, -60.500000, 37.000000, 9.841397e+04, 2.527452e+01, 1.899883e+02
4, 2020, 9, 10, 18, 479, 511, -60.250000, 37.750000, 9.813127e+04, 2.485329e+01, 2.115975e+02
4, 2020, 9, 11, 0, 482, 514, -59.500000, 38.500000, 9.815669e+04, 2.432628e+01, 5.941759e+01
4, 2020, 9, 11, 6, 486, 521, -58.500000, 40.250000, 9.799960e+04, 2.930025e+01, -2.823599e-01
4, 2020, 9, 11, 12, 490, 528, -57.500000, 42.000000, 9.782653e+04, 2.981619e+01, -9.923124e-02
4, 2020, 9, 11, 18, 497, 539, -55.750000, 44.750000, 9.780067e+04, 2.327171e+01, 8.389743e-02
4, 2020, 9, 12, 0, 505, 554, -53.750000, 48.500000, 9.774139e+04, 1.976194e+01, -1.907956e-01
5, 2020, 8, 31, 18, 1283, 425, 140.750000, 16.250000, 1.002136e+05, 1.206441e+01, -5.570529e-01
5, 2020, 9, 1, 0, 1274, 427, 138.500000, 16.750000, 1.002924e+05, 1.361319e+01, 1.274234e+00
5, 2020, 9, 1, 6, 1280, 428, 140.000000, 17.000000, 1.000244e+05, 1.417663e+01, 1.754618e-01
5, 2020, 9, 1, 12, 1271, 431, 137.750000, 17.750000, 1.000436e+05, 1.416782e+01, 2.250575e+02
5, 2020, 9, 1, 18, 1273, 428, 138.250000, 17.000000, 9.969180e+04, 1.682334e+01, 2.608817e+01
5, 2020, 9, 2, 0, 1275, 434, 138.750000, 18.500000, 9.975931e+04, 1.840206e+01, 1.021781e+02
5, 2020, 9, 2, 6, 1275, 440, 138.750000, 20.000000, 9.939253e+04, 1.981245e+01, 3.114942e+02
5, 2020, 9, 2, 12, 1272, 445, 138.000000, 21.250000, 9.934762e+04, 1.987957e+01, 1.961232e+02
5, 2020, 9, 2, 18, 1268, 449, 137.000000, 22.250000, 9.884824e+04, 2.125165e+01, 2.385174e+02
5, 2020, 9, 3, 0, 1265, 449, 136.250000, 22.250000, 9.852689e+04, 1.861740e+01, 3.334697e+02
5, 2020, 9, 3, 6, 1264, 450, 136.000000, 22.500000, 9.816818e+04, 2.351308e+01, 3.893239e+02
5, 2020, 9, 3, 12, 1265, 452, 136.250000, 23.000000, 9.801799e+04, 2.431710e+01, 3.158893e+02
5, 2020, 9, 3, 18, 1264, 460, 136.000000, 25.000000, 9.736098e+04, 2.581741e+01, 1.701189e+02
5, 2020, 9, 4, 0, 1264, 460, 136.000000, 25.000000, 9.710312e+04, 2.919301e+01, 1.701189e+02
5, 2020, 9, 4, 6, 1258, 466, 134.500000, 26.500000, 9.627409e+04, 3.147298e+01, 2.735866e+02
5, 2020, 9, 4, 12, 1257, 471, 134.250000, 27.750000, 9.577125e+04, 3.422078e+01, 2.689168e+02
5, 2020, 9, 4, 18, 1257, 471, 134.250000, 27.750000, 9.515095e+04, 3.485788e+01, 2.689168e+02
5, 2020, 9, 5, 0, 1260, 475, 135.000000, 28.750000, 9.503316e+04, 3.828468e+01, 1.364232e+02
5, 2020, 9, 5, 6, 1258, 481, 134.500000, 30.250000, 9.427706e+04, 4.071023e+01, 1.615118e+02
5, 2020, 9, 5, 12, 1260, 482, 135.000000, 30.500000, 9.407064e+04, 4.562921e+01, 1.524470e+02
5, 2020, 9, 5, 18, 1263, 488, 135.750000, 32.000000, 9.378685e+04, 4.643881e+01, 1.842198e+02
5, 2020, 9, 6, 0, 1266, 492, 136.500000, 33.000000, 9.391184e+04, 4.730578e+01, 2.379680e+02
5, 2020, 9, 6, 6, 1266, 497, 136.500000, 34.250000, 9.463680e+04, 4.143270e+01, -7.666904e-03
5, 2020, 9, 6, 12, 1269, 501, 137.250000, 35.250000, 9.640556e+04, 3.153091e+01, 2.647699e+00
5, 2020, 9, 6, 18, 1270, 511, 137.500000, 37.750000, 9.699036e+04, 2.289983e+01, -1.907956e-01
5, 2020, 9, 7, 0, 1271, 519, 137.750000, 39.750000, 9.711019e+04, 2.977565e+01, -9.923124e-02
5, 2020, 9, 7, 6, 1273, 526, 138.250000, 41.500000, 9.690495e+04, 3.088305e+01, -9.923124e-02
5, 2020, 9, 7, 12, 1277, 529, 139.250000, 42.250000, 9.703505e+04, 3.118231e+01, -1.907956e-01
5, 2020, 9, 7, 18, 1282, 536, 140.500000, 44.000000, 9.748502e+04, 2.953489e+01, 8.389743e-02
5, 2020, 9, 8, 0, 1283, 544, 140.750000, 46.000000, 9.764980e+04, 2.623606e+01, -9.923124e-02
5, 2020, 9, 8, 6, 1285, 552, 141.250000, 48.000000, 9.766212e+04, 2.266051e+01, -1.907956e-01
5, 2020, 9, 9, 0, 1273, 575, 138.250000, 53.750000, 9.835639e+04, 1.986453e+01, 8.389743e-02
6, 2020, 9, 6, 12, 548, 410, -43.000000, 12.500000, 1.010344e+05, 1.382953e+01, 6.238202e+02
6, 2020, 9, 6, 18, 545, 410, -43.750000, 12.500000, 1.007238e+05, 1.187938e+01, 5.196199e+02
6, 2020, 9, 7, 0, 541, 412, -44.750000, 13.000000, 1.008029e+05, 1.597607e+01, 7.121797e+02
6, 2020, 9, 7, 6, 535, 412, -46.250000, 13.000000, 1.006368e+05, 1.457454e+01, 8.074982e+02
6, 2020, 9, 7, 12, 533, 412, -46.750000, 13.000000, 1.007835e+05, 1.543293e+01, 5.862788e+02
6, 2020, 9, 7, 18, 530, 415, -47.500000, 13.750000, 1.006727e+05, 1.415715e+01, 9.786320e+02
6, 2020, 9, 8, 0, 526, 415, -48.500000, 13.750000, 1.009628e+05, 1.518034e+01, 5.947943e+02
6, 2020, 9, 8, 6, 522, 416, -49.500000, 14.000000, 1.006440e+05, 1.742120e+01, 3.513247e+02
6, 2020, 9, 8, 12, 518, 417, -50.500000, 14.250000, 1.009430e+05, 1.593131e+01, 2.697409e+02
6, 2020, 9, 8, 18, 516, 417, -51.000000, 14.250000, 1.008270e+05, 1.520735e+01, 2.433703e+02
6, 2020, 9, 9, 0, 514, 418, -51.500000, 14.500000, 1.008209e+05, 1.473562e+01, 2.515196e+02
6, 2020, 9, 9, 6, 512, 419, -52.000000, 14.750000, 1.004836e+05, 1.567776e+01, 2.658036e+02
6, 2020, 9, 9, 12, 510, 419, -52.500000, 14.750000, 1.003528e+05, 1.943207e+01, 3.360334e+02
6, 2020, 9, 9, 18, 508, 418, -53.000000, 14.500000, 9.994479e+04, 2.109913e+01, 4.490238e+02
6, 2020, 9, 10, 0, 508, 418, -53.000000, 14.500000, 9.971669e+04, 2.311023e+01, 4.490238e+02
6, 2020, 9, 10, 6, 507, 419, -53.250000, 14.750000, 9.915339e+04, 2.417336e+01, 4.829026e+02
6, 2020, 9, 10, 12, 506, 419, -53.500000, 14.750000, 9.898237e+04, 2.615804e+01, 5.566119e+02
6, 2020, 9, 10, 18, 505, 420, -53.750000, 15.000000, 9.841352e+04, 2.698717e+01, 5.816090e+02
6, 2020, 9, 11, 0, 504, 422, -54.000000, 15.500000, 9.808489e+04, 2.834315e+01, 5.982737e+02
6, 2020, 9, 11, 6, 503, 423, -54.250000, 15.750000, 9.824715e+04, 2.874879e+01, 5.273113e+02
6, 2020, 9, 11, 12, 503, 425, -54.250000, 16.250000, 9.806512e+04, 3.407811e+01, 3.168965e+02
6, 2020, 9, 11, 18, 501, 428, -54.750000, 17.000000, 9.703512e+04, 3.518273e+01, 4.258581e+02
6, 2020, 9, 12, 0, 501, 430, -54.750000, 17.500000, 9.750948e+04, 3.641995e+01, 4.524117e+02
6, 2020, 9, 12, 6, 500, 433, -55.000000, 18.250000, 9.742633e+04, 3.404494e+01, 2.242334e+02
6, 2020, 9, 12, 12, 499, 436, -55.250000, 19.000000, 9.759253e+04, 3.487717e+01, 1.964894e+02
6, 2020, 9, 12, 18, 498, 440, -55.500000, 20.000000, 9.690020e+04, 3.546214e+01, 2.345802e+02
6, 2020, 9, 13, 0, 496, 443, -56.000000, 20.750000, 9.732004e+04, 4.004044e+01, 1.964894e+02
6, 2020, 9, 13, 6, 494, 445, -56.500000, 21.250000, 9.711218e+04, 3.877515e+01, 3.764133e+02
6, 2020, 9, 13, 12, 493, 448, -56.750000, 22.000000, 9.709045e+04, 3.582758e+01, 2.564641e+02
6, 2020, 9, 13, 18, 490, 451, -57.500000, 22.750000, 9.717648e+04, 3.793694e+01, 1.557433e+02
6, 2020, 9, 14, 0, 489, 453, -57.750000, 23.250000, 9.676645e+04, 3.525568e+01, 8.020269e+01
6, 2020, 9, 14, 6, 485, 455, -58.750000, 23.750000, 9.666243e+04, 3.770949e+01, 1.010794e+02
6, 2020, 9, 14, 12, 484, 458, -59.000000, 24.500000, 9.641280e+04, 4.462078e+01, 1.002553e+02
6, 2020, 9, 14, 18, 482, 460, -59.500000, 25.000000, 9.604109e+04, 4.183376e+01, 1.051082e+02
6, 2020, 9, 15, 0, 481, 460, -59.750000, 25.000000, 9.586269e+04, 4.270449e+01, 1.089539e+02
6, 2020, 9, 15, 6, 479, 462, -60.250000, 25.500000, 9.540409e+04, 4.452580e+01, 1.136237e+02
6, 2020, 9, 15, 12, 477, 464, -60.750000, 26.000000, 9.522064e+04, 4.406050e+01, 1.182019e+02
6, 2020, 9, 15, 18, 476, 465, -61.000000, 26.250000, 9.534054e+04, 4.456257e+01, 1.239704e+02
6, 2020, 9, 16, 0, 476, 466, -61.000000, 26.500000, 9.498236e+04, 4.901760e+01, 1.203079e+02
6, 2020, 9, 16, 6, 475, 468, -61.250000, 27.000000, 9.452967e+04, 5.099544e+01, 1.041010e+02
6, 2020, 9, 16, 12, 474, 471, -61.500000, 27.750000, 9.471666e+04, 4.919144e+01, 7.782202e+01
6, 2020, 9, 16, 18, 475, 474, -61.250000, 28.500000, 9.399463e+04, 5.058873e+01, 6.784151e+01
6, 2020, 9, 17, 0, 475, 477, -61.250000, 29.250000, 9.434759e+04, 4.739016e+01, 6.857402e+01
6, 2020, 9, 17, 6, 476, 481, -61.000000, 30.250000, 9.499630e+04, 4.199257e+01, 5.749474e+01
6, 2020, 9, 17, 12, 477, 486, -60.750000, 31.500000, 9.573195e+04, 3.935170e+01, 2.041118e+01
6, 2020, 9, 17, 18, 480, 490, -60.000000, 32.500000, 9.561261e+04, 3.925542e+01, 5.145149e+01
6, 2020, 9, 18, 0, 483, 494, -59.250000, 33.500000, 9.588827e+04, 3.995087e+01, 4.501548e-01
6, 2020, 9, 18, 6, 486, 500, -58.500000, 35.000000, 9.597253e+04, 3.754899e+01, 2.489783e+01
6, 2020, 9, 18, 12, 489, 505, -57.750000, 36.250000, 9.622194e+04, 3.311254e+01, 7.866866e+00
6, 2020, 9, 18, 18, 494, 510, -56.500000, 37.500000, 9.609089e+04, 3.531653e+01, -7.666904e-03
6, 2020, 9, 19, 0, 498, 515, -55.500000, 38.750000, 9.616075e+04, 3.391299e+01, 8.389743e-02
6, 2020, 9, 19, 6, 501, 519, -54.750000, 39.750000, 9.627137e+04, 3.363549e+01, -7.666904e-03
6, 2020, 9, 19, 12, 507, 522, -53.250000, 40.500000, 9.618077e+04, 3.035593e+01, 3.585905e-01
6, 2020, 9, 19, 18, 512, 526, -52.000000, 41.500000, 9.606800e+04, 2.715250e+01, 8.389743e-02
6, 2020, 9, 20, 0, 517, 528, -50.750000, 42.000000, 9.625942e+04, 2.882652e+01, -9.923124e-02
6, 2020, 9, 20, 6, 523, 529, -49.250000, 42.250000, 9.669670e+04, 2.535913e+01, 3.585905e-01
6, 2020, 9, 20, 12, 529, 530, -47.750000, 42.500000, 9.754101e+04, 2.425498e+01, 2.670261e-01
6, 2020, 9, 20, 18, 536, 532, -46.000000, 43.000000, 9.786831e+04, 2.352989e+01, -7.666904e-03
6, 2020, 9, 21, 0, 545, 533, -43.750000, 43.250000, 9.825961e+04, 2.270747e+01, -7.666904e-03
6, 2020, 9, 21, 6, 554, 536, -41.500000, 44.000000, 9.830717e+04, 2.224536e+01, 8.389743e-02
6, 2020, 9, 21, 12, 566, 540, -38.500000, 45.000000, 9.851605e+04, 2.010341e+01, -7.666904e-03
6, 2020, 9, 21, 18, 578, 544, -35.500000, 46.000000, 9.848095e+04, 2.020783e+01, -9.923124e-02
6, 2020, 9, 22, 0, 594, 549, -31.500000, 47.250000, 9.841459e+04, 2.038590e+01, -3.739243e-01
6, 2020, 9, 22, 6, 611, 556, -27.250000, 49.000000, 9.796302e+04, 2.076320e+01, 8.389743e-02
6, 2020, 9, 22, 18, 638, 581, -20.500000, 55.250000, 9.627494e+04, 2.394076e+01, -3.739243e-01
6, 2020, 9, 23, 0, 638, 590, -20.500000, 57.500000, 9.517778e+04, 2.451108e+01, -4.654886e-01
6, 2020, 9, 23, 6, 633, 593, -21.750000, 58.250000, 9.444328e+04, 2.941397e+01, 2.670261e-01
6, 2020, 9, 23, 12, 634, 588, -21.500000, 57.000000, 9.450216e+04, 2.677453e+01, -7.666904e-03
6, 2020, 9, 23, 18, 645, 584, -18.750000, 56.000000, 9.483966e+04, 2.695912e+01, -7.666904e-03
6, 2020, 9, 24, 0, 662, 583, -14.500000, 55.750000, 9.534740e+04, 2.356701e+01, -9.923124e-02
7, 2020, 9, 11, 18, 1302, 450, 145.500000, 22.500000, 1.003624e+05, 1.564688e+01, 2.954705e+02
7, 2020, 9, 12, 0, 1305, 450, 146.250000, 22.500000, 1.005404e+05, 1.933777e+01, 3.146990e+02
7, 2020, 9, 12, 12, 1285, 454, 141.250000, 23.500000, 1.003907e+05, 1.910507e+01, 1.181103e+02
7, 2020, 9, 12, 18, 1277, 455, 139.250000, 23.750000, 1.000840e+05, 1.772851e+01, 1.393533e+02
7, 2020, 9, 13, 0, 1274, 453, 138.500000, 23.250000, 1.002241e+05, 1.890438e+01, 1.648081e+02
7, 2020, 9, 13, 6, 1271, 454, 137.750000, 23.500000, 9.990552e+04, 2.016942e+01, 1.616034e+02
7, 2020, 9, 13, 12, 1264, 454, 136.000000, 23.500000, 9.988095e+04, 1.565038e+01, 3.145158e+02
7, 2020, 9, 13, 18, 1263, 454, 135.750000, 23.500000, 9.957955e+04, 1.648621e+01, 3.481199e+02
7, 2020, 9, 14, 0, 1260, 455, 135.000000, 23.750000, 9.950811e+04, 1.695718e+01, 4.352892e+02
7, 2020, 9, 14, 6, 1256, 457, 134.000000, 24.250000, 9.921908e+04, 1.861457e+01, 4.855580e+02
7, 2020, 9, 14, 12, 1254, 457, 133.500000, 24.250000, 9.901663e+04, 2.011579e+01, 5.418701e+02
7, 2020, 9, 14, 18, 1251, 460, 132.750000, 25.000000, 9.868362e+04, 2.131310e+01, 4.929747e+02
7, 2020, 9, 15, 0, 1247, 462, 131.750000, 25.500000, 9.881580e+04, 2.227680e+01, 5.293257e+02
7, 2020, 9, 15, 6, 1246, 464, 131.500000, 26.000000, 9.845430e+04, 2.115980e+01, 6.752794e+02
7, 2020, 9, 15, 12, 1244, 465, 131.000000, 26.250000, 9.869259e+04, 2.059743e+01, 7.072353e+02
7, 2020, 9, 15, 18, 1243, 468, 130.750000, 27.000000, 9.825212e+04, 2.347225e+01, 5.170562e+02
7, 2020, 9, 16, 0, 1245, 473, 131.250000, 28.250000, 9.868259e+04, 2.216282e+01, 3.483031e+02
7, 2020, 9, 16, 6, 1245, 476, 131.250000, 29.000000, 9.851083e+04, 2.052324e+01, 2.869550e+02
7, 2020, 9, 16, 12, 1245, 479, 131.250000, 29.750000, 9.886323e+04, 1.920238e+01, 2.097662e+02
7, 2020, 9, 16, 18, 1247, 481, 131.750000, 30.250000, 9.910497e+04, 1.688717e+01, 1.790922e+02
7, 2020, 9, 17, 0, 1250, 483, 132.500000, 30.750000, 9.947175e+04, 1.920836e+01, 1.654491e+02
7, 2020, 9, 17, 6, 1256, 486, 134.000000, 31.500000, 9.940127e+04, 1.954134e+01, 1.272668e+02
7, 2020, 9, 17, 12, 1263, 492, 135.750000, 33.000000, 9.977207e+04, 2.092577e+01, 1.316618e+02
7, 2020, 9, 17, 18, 1275, 500, 138.750000, 35.000000, 9.976734e+04, 1.729528e+01, 2.596688e+02
7, 2020, 9, 18, 0, 1286, 503, 141.500000, 35.750000, 1.001879e+05, 1.874583e+01, 1.063901e+02
7, 2020, 9, 18, 6, 1299, 512, 144.750000, 38.000000, 1.000566e+05, 1.868464e+01, 1.537514e+01
8, 2020, 9, 15, 6, 1292, 428, 143.000000, 17.000000, 1.000876e+05, 1.873931e+01, 1.279077e+02
8, 2020, 9, 15, 18, 1288, 433, 142.000000, 18.250000, 1.000156e+05, 1.505519e+01, 7.708951e+01
8, 2020, 9, 16, 6, 1288, 431, 142.000000, 17.750000, 9.974686e+04, 1.781729e+01, 7.269442e+01
8, 2020, 9, 16, 12, 1289, 432, 142.250000, 18.000000, 9.999567e+04, 1.626552e+01, 1.138984e+02
8, 2020, 9, 16, 18, 1288, 434, 142.000000, 18.500000, 9.972118e+04, 1.716495e+01, 8.166772e+01
8, 2020, 9, 17, 0, 1286, 433, 141.500000, 18.250000, 9.990004e+04, 1.772953e+01, 3.570243e+01
8, 2020, 9, 17, 6, 1288, 433, 142.000000, 18.250000, 9.949677e+04, 1.831995e+01, 7.708951e+01
8, 2020, 9, 17, 12, 1287, 438, 141.750000, 19.500000, 9.938569e+04, 1.928346e+01, 1.041010e+02
8, 2020, 9, 17, 18, 1285, 442, 141.250000, 20.500000, 9.907770e+04, 2.109458e+01, 1.118840e+02
8, 2020, 9, 18, 0, 1285, 444, 141.250000, 21.000000, 9.885559e+04, 2.161888e+01, 1.594059e+02
8, 2020, 9, 18, 6, 1283, 445, 140.750000, 21.250000, 9.832187e+04, 2.202554e+01, 3.495850e+02
8, 2020, 9, 18, 12, 1279, 448, 139.750000, 22.000000, 9.816188e+04, 2.397313e+01, 2.697409e+02
8, 2020, 9, 18, 18, 1275, 448, 138.750000, 22.000000, 9.751859e+04, 2.658257e+01, 1.862342e+02
8, 2020, 9, 19, 0, 1271, 450, 137.750000, 22.500000, 9.710663e+04, 2.812509e+01, 2.148938e+02
8, 2020, 9, 19, 6, 1266, 451, 136.500000, 22.750000, 9.613907e+04, 3.357391e+01, 2.949211e+02
8, 2020, 9, 19, 12, 1263, 451, 135.750000, 22.750000, 9.508233e+04, 3.896849e+01, 4.330001e+02
8, 2020, 9, 19, 18, 1257, 453, 134.250000, 23.250000, 9.404780e+04, 3.689523e+01, 7.599763e+02
8, 2020, 9, 20, 0, 1254, 453, 133.500000, 23.250000, 9.418930e+04, 3.869276e+01, 6.589809e+02
8, 2020, 9, 20, 6, 1250, 454, 132.500000, 23.500000, 9.328953e+04, 4.630495e+01, 7.437695e+02
8, 2020, 9, 20, 12, 1246, 454, 131.500000, 23.500000, 9.259684e+04, 4.705750e+01, 7.239916e+02
8, 2020, 9, 20, 18, 1241, 454, 130.250000, 23.500000, 9.260441e+04, 4.742739e+01, 5.866451e+02
8, 2020, 9, 21, 0, 1238, 454, 129.500000, 23.500000, 9.180169e+04, 4.983627e+01, 5.071672e+02
8, 2020, 9, 21, 6, 1235, 455, 128.750000, 23.750000, 9.184400e+04, 4.855870e+01, 4.624838e+02
8, 2020, 9, 21, 12, 1232, 455, 128.000000, 23.750000, 9.204180e+04, 4.782128e+01, 4.648645e+02
8, 2020, 9, 21, 18, 1230, 457, 127.500000, 24.250000, 9.195647e+04, 4.833713e+01, 4.755775e+02
8, 2020, 9, 22, 0, 1229, 458, 127.250000, 24.500000, 9.191239e+04, 5.280666e+01, 4.455444e+02
8, 2020, 9, 22, 6, 1229, 460, 127.250000, 25.000000, 9.100569e+04, 5.564808e+01, 4.419734e+02
8, 2020, 9, 22, 12, 1230, 464, 127.500000, 26.000000, 9.191774e+04, 5.187870e+01, 5.083575e+02
8, 2020, 9, 22, 18, 1230, 467, 127.500000, 26.750000, 9.193606e+04, 4.854919e+01, 4.082777e+02
8, 2020, 9, 23, 0, 1233, 471, 128.250000, 27.750000, 9.209339e+04, 5.057529e+01, 4.295207e+02
8, 2020, 9, 23, 6, 1235, 476, 128.750000, 29.000000, 9.164958e+04, 5.256288e+01, 2.920826e+02
8, 2020, 9, 23, 12, 1240, 482, 130.000000, 30.500000, 9.205451e+04, 5.311244e+01, 1.404520e+02
8, 2020, 9, 23, 18, 1245, 490, 131.250000, 32.500000, 9.473483e+04, 3.724944e+01, -1.564261e+00
8, 2020, 9, 24, 0, 1252, 501, 133.000000, 35.250000, 9.581352e+04, 3.216654e+01, -9.923124e-02
8, 2020, 9, 24, 6, 1256, 514, 134.000000, 38.500000, 9.584803e+04, 3.230277e+01, -7.666904e-03
8, 2020, 9, 24, 12, 1258, 525, 134.500000, 41.250000, 9.598791e+04, 2.835098e+01, -3.739243e-01
8, 2020, 9, 24, 18, 1260, 536, 135.000000, 44.000000, 9.598350e+04, 2.550003e+01, -5.570529e-01
8, 2020, 9, 25, 0, 1259, 547, 134.750000, 46.750000, 9.669959e+04, 1.724472e+01, -9.923124e-02
8, 2020, 9, 25, 6, 1257, 552, 134.250000, 48.000000, 9.713930e+04, 1.165535e+01, -1.907956e-01
8, 2020, 9, 25, 12, 1260, 556, 135.000000, 49.000000, 9.762449e+04, 1.068810e+01, -9.923124e-02
8, 2020, 9, 25, 18, 1261, 559, 135.250000, 49.750000, 9.779423e+04, 9.255523e+00, 1.754618e-01
9, 2020, 9, 26, 18, 1238, 432, 129.500000, 18.000000, 1.003174e+05, 1.734340e+01, 4.091934e+02
9, 2020, 9, 27, 0, 1240, 436, 130.000000, 19.000000, 1.005440e+05, 2.012793e+01, 4.449034e+02
9, 2020, 9, 27, 6, 1240, 439, 130.000000, 19.750000, 9.997127e+04, 1.777487e+01, 4.041573e+02
9, 2020, 9, 27, 12, 1239, 442, 129.750000, 20.500000, 9.995777e+04, 2.054424e+01, 3.745820e+02
9, 2020, 9, 27, 18, 1238, 445, 129.500000, 21.250000, 9.970088e+04, 2.460299e+01, 4.004032e+02
9, 2020, 9, 28, 0, 1235, 449, 128.750000, 22.250000, 9.979223e+04, 2.380347e+01, 3.712857e+02
9, 2020, 9, 28, 6, 1235, 451, 128.750000, 22.750000, 9.977518e+04, 2.351678e+01, 3.791602e+02
9, 2020, 9, 28, 12, 1232, 453, 128.000000, 23.250000, 9.999442e+04, 2.039777e+01, 4.676114e+02
9, 2020, 9, 28, 18, 1230, 455, 127.500000, 23.750000, 1.000087e+05, 1.948268e+01, 4.016851e+02
9, 2020, 9, 29, 0, 1227, 455, 126.750000, 23.750000, 1.001238e+05, 2.078361e+01, 4.372120e+02
9, 2020, 9, 29, 6, 1225, 454, 126.250000, 23.500000, 9.999085e+04, 1.980830e+01, 3.766880e+02
9, 2020, 9, 29, 12, 1223, 452, 125.750000, 23.000000, 1.003121e+05, 1.860324e+01, 3.745820e+02
9, 2020, 9, 29, 18, 1219, 453, 124.750000, 23.250000, 1.002593e+05, 1.870469e+01, 3.926202e+02
9, 2020, 9, 30, 0, 1215, 449, 123.750000, 22.250000, 1.003982e+05, 1.850072e+01, 2.946464e+02
9, 2020, 9, 30, 6, 1210, 447, 122.500000, 21.750000, 1.001737e+05, 2.110071e+01, 2.705649e+02
9, 2020, 9, 30, 12, 1210, 443, 122.500000, 20.750000, 1.001780e+05, 1.998631e+01, 2.432788e+02
9, 2020, 10, 1, 0, 1206, 439, 121.500000, 19.750000, 1.002137e+05, 1.587624e+01, 5.172618e+01
9, 2020, 10, 1, 6, 1206, 439, 121.500000, 19.750000, 1.001280e+05, 1.576285e+01, 5.172618e+01
9, 2020, 10, 1, 12, 1206, 437, 121.500000, 19.250000, 1.003152e+05, 1.538843e+01, 2.150995e+01
9, 2020, 10, 1, 18, 1202, 435, 120.500000, 18.750000, 1.003940e+05, 1.433694e+01, -5.570529e-01
9, 2020, 10, 2, 0, 1196, 430, 119.000000, 17.500000, 1.005911e+05, 1.261269e+01, -9.923124e-02
9, 2020, 10, 2, 12, 1192, 434, 118.000000, 18.500000, 1.004115e+05, 1.458294e+01, 2.670261e-01
9, 2020, 10, 2, 18, 1188, 433, 117.000000, 18.250000, 1.002419e+05, 1.560948e+01, -9.923124e-02
9, 2020, 10, 3, 0, 1183, 431, 115.750000, 17.750000, 1.003011e+05, 1.439775e+01, -2.823599e-01
9, 2020, 10, 3, 6, 1180, 428, 115.000000, 17.000000, 9.991035e+04, 1.554077e+01, 1.091105e+00
9, 2020, 10, 3, 12, 1179, 426, 114.750000, 16.500000, 9.978235e+04, 1.841612e+01, 8.389743e-02
9, 2020, 10, 3, 18, 1175, 425, 113.750000, 16.250000, 9.947623e+04, 1.999401e+01, 5.417191e-01
9, 2020, 10, 4, 0, 1171, 423, 112.750000, 15.750000, 9.914094e+04, 2.157404e+01, -9.923124e-02
9, 2020, 10, 4, 6, 1169, 423, 112.250000, 15.750000, 9.839415e+04, 2.292669e+01, -9.923124e-02
9, 2020, 10, 4, 12, 1169, 423, 112.250000, 15.750000, 9.837997e+04, 2.765103e+01, -9.923124e-02
9, 2020, 10, 4, 18, 1168, 424, 112.000000, 16.000000, 9.788725e+04, 2.874561e+01, 1.754618e-01
9, 2020, 10, 5, 0, 1167, 426, 111.750000, 16.500000, 9.853119e+04, 2.372389e+01, 8.389743e-02
9, 2020, 10, 5, 6, 1163, 427, 110.750000, 16.750000, 9.847858e+04, 2.211613e+01, 6.332834e-01
9, 2020, 10, 5, 12, 1163, 431, 110.750000, 17.750000, 9.860385e+04, 2.306142e+01, 1.754618e-01
9, 2020, 10, 5, 18, 1156, 431, 109.000000, 17.750000, 9.842085e+04, 2.336779e+01, -5.570529e-01
9, 2020, 10, 6, 0, 1156, 430, 109.000000, 17.500000, 9.780752e+04, 3.586952e+01, 2.670261e-01
9, 2020, 10, 6, 6, 1154, 430, 108.500000, 17.500000, 9.788523e+04, 3.001144e+01, -7.666904e-03
9, 2020, 10, 6, 12, 1152, 430, 108.000000, 17.500000, 9.810209e+04, 2.959515e+01, 8.389743e-02
9, 2020, 10, 6, 18, 1149, 430, 107.250000, 17.500000, 9.841577e+04, 2.418475e+01, -9.923124e-02
9, 2020, 10, 7, 0, 1148, 430, 107.000000, 17.500000, 9.899531e+04, 2.126947e+01, -9.923124e-02
9, 2020, 10, 7, 6, 1145, 431, 106.250000, 17.750000, 9.944116e+04, 1.854320e+01, -7.666904e-03
9, 2020, 10, 7, 12, 1141, 430, 105.250000, 17.500000, 9.986252e+04, 1.441406e+01, -3.739243e-01
9, 2020, 10, 7, 18, 1136, 429, 104.000000, 17.250000, 1.000590e+05, 6.436453e+00, -1.907956e-01
9, 2020, 10, 8, 0, 1133, 427, 103.250000, 16.750000, 1.002479e+05, 6.192011e+00, 8.389743e-02
10, 2020, 10, 3, 0, 1278, 442, 139.500000, 20.500000, 1.005915e+05, 1.721256e+01, 3.780615e+02
10, 2020, 10, 3, 12, 1265, 447, 136.250000, 21.750000, 1.006132e+05, 1.547589e+01, 3.186362e+02
10, 2020, 10, 3, 18, 1260, 446, 135.000000, 21.500000, 1.002946e+05, 1.284519e+01, 4.178004e+02
10, 2020, 10, 4, 0, 1258, 447, 134.500000, 21.750000, 1.004554e+05, 1.466147e+01, 5.061600e+02
10, 2020, 10, 4, 6, 1257, 452, 134.250000, 23.000000, 1.001955e+05, 1.576515e+01, 6.873658e+02
10, 2020, 10, 4, 12, 1250, 453, 132.500000, 23.250000, 1.004183e+05, 1.755928e+01, 6.435065e+02
10, 2020, 10, 4, 18, 1248, 454, 132.000000, 23.500000, 1.000314e+05, 1.657878e+01, 7.344299e+02
10, 2020, 10, 5, 0, 1242, 454, 130.500000, 23.500000, 1.001074e+05, 1.706461e+01, 6.048663e+02
10, 2020, 10, 5, 6, 1242, 453, 130.500000, 23.250000, 9.958094e+04, 1.797516e+01, 5.672334e+02
10, 2020, 10, 5, 12, 1238, 454, 129.500000, 23.500000, 9.985992e+04, 2.061131e+01, 5.071672e+02
10, 2020, 10, 5, 18, 1235, 453, 128.750000, 23.250000, 9.955092e+04, 1.981557e+01, 4.382193e+02
10, 2020, 10, 6, 0, 1233, 452, 128.250000, 23.000000, 9.958667e+04, 1.918345e+01, 4.385855e+02
10, 2020, 10, 6, 6, 1231, 454, 127.750000, 23.500000, 9.916604e+04, 1.899693e+01, 4.471010e+02
10, 2020, 10, 6, 12, 1228, 453, 127.000000, 23.250000, 9.917534e+04, 2.094805e+01, 3.740327e+02
10, 2020, 10, 6, 18, 1226, 453, 126.500000, 23.250000, 9.882139e+04, 2.107352e+01, 3.595655e+02
10, 2020, 10, 7, 0, 1226, 454, 126.500000, 23.500000, 9.871988e+04, 2.281666e+01, 3.603896e+02
10, 2020, 10, 7, 6, 1226, 456, 126.500000, 24.000000, 9.827422e+04, 2.223857e+01, 4.126728e+02
10, 2020, 10, 7, 12, 1226, 456, 126.500000, 24.000000, 9.788755e+04, 2.490640e+01, 4.126728e+02
10, 2020, 10, 7, 18, 1227, 457, 126.750000, 24.250000, 9.707459e+04, 3.225662e+01, 4.479251e+02
10, 2020, 10, 8, 0, 1227, 457, 126.750000, 24.250000, 9.709199e+04, 3.083287e+01, 4.479251e+02
10, 2020, 10, 8, 6, 1230, 457, 127.500000, 24.250000, 9.669759e+04, 3.167918e+01, 4.755775e+02
10, 2020, 10, 8, 12, 1232, 458, 128.000000, 24.500000, 9.605379e+04, 3.427187e+01, 4.885797e+02
10, 2020, 10, 8, 18, 1235, 459, 128.750000, 24.750000, 9.658352e+04, 3.605076e+01, 5.695225e+02
10, 2020, 10, 9, 0, 1239, 459, 129.750000, 24.750000, 9.695704e+04, 3.316354e+01, 5.464483e+02
10, 2020, 10, 9, 6, 1242, 461, 130.500000, 25.250000, 9.739048e+04, 2.760423e+01, 5.687900e+02
10, 2020, 10, 9, 12, 1247, 462, 131.750000, 25.500000, 9.736455e+04, 3.291515e+01, 5.293257e+02
10, 2020, 10, 9, 18, 1252, 464, 133.000000, 26.000000, 9.744909e+04, 2.658184e+01, 5.368340e+02
10, 2020, 10, 10, 0, 1256, 465, 134.000000, 26.250000, 9.882895e+04, 3.010488e+01, 3.552620e+02
10, 2020, 10, 10, 6, 1261, 465, 135.250000, 26.250000, 9.892450e+04, 2.386138e+01, 1.876077e+02
10, 2020, 10, 10, 12, 1262, 465, 135.500000, 26.250000, 9.940483e+04, 2.060028e+01, 1.572999e+02
10, 2020, 10, 10, 18, 1265, 465, 136.250000, 26.250000, 9.938311e+04, 1.740920e+01, 8.322432e+01
10, 2020, 10, 11, 0, 1265, 465, 136.250000, 26.250000, 9.946398e+04, 1.870777e+01, 8.322432e+01
10, 2020, 10, 11, 6, 1268, 465, 137.000000, 26.250000, 9.936515e+04, 1.806231e+01, 5.941759e+01
10, 2020, 10, 11, 12, 1272, 466, 138.000000, 26.500000, 9.951852e+04, 1.798624e+01, 2.370750e+01
10, 2020, 10, 11, 18, 1276, 469, 139.000000, 27.250000, 9.936988e+04, 1.851343e+01, 5.227557e+01
10, 2020, 10, 12, 0, 1282, 473, 140.500000, 28.250000, 9.968923e+04, 2.000826e+01, 4.714797e+01
10, 2020, 10, 12, 6, 1289, 478, 142.250000, 29.500000, 9.940234e+04, 2.238294e+01, 1.291896e+02
10, 2020, 10, 12, 12, 1300, 484, 145.000000, 31.000000, 9.958836e+04, 2.088826e+01, 1.407267e+02
10, 2020, 10, 12, 18, 1314, 494, 148.500000, 33.500000, 9.937323e+04, 2.240667e+01, 3.570017e+02
10, 2020, 10, 13, 0, 1333, 503, 153.250000, 35.750000, 9.975934e+04, 2.201325e+01, -8.317459e-01
10, 2020, 10, 13, 6, 1356, 518, 159.000000, 39.500000, 9.958737e+04, 2.170002e+01, -5.570529e-01
10, 2020, 10, 13, 12, 1384, 526, 166.000000, 41.500000, 9.953562e+04, 1.807112e+01, -1.907956e-01
11, 2020, 10, 24, 0, 1299, 434, 144.750000, 18.500000, 1.010991e+05, 1.426058e+01, 6.645663e+02
11, 2020, 10, 24, 6, 1296, 435, 144.000000, 18.750000, 1.008517e+05, 1.204922e+01, 6.108181e+02
11, 2020, 10, 24, 12, 1293, 442, 143.250000, 20.500000, 1.010328e+05, 1.305507e+01, 2.541749e+02
11, 2020, 10, 24, 18, 1296, 440, 144.000000, 20.000000, 1.008470e+05, 1.508861e+01, 6.785756e+02
11, 2020, 10, 25, 0, 1293, 440, 143.250000, 20.000000, 1.010384e+05, 1.527277e+01, 3.378647e+02
11, 2020, 10, 25, 6, 1296, 443, 144.000000, 20.750000, 1.007143e+05, 1.533658e+01, 3.075569e+02
11, 2020, 10, 25, 12, 1302, 446, 145.500000, 21.500000, 1.009651e+05, 1.697141e+01, 3.450983e+02
11, 2020, 10, 25, 18, 1302, 445, 145.500000, 21.250000, 1.007878e+05, 1.799899e+01, 3.780615e+02
11, 2020, 10, 26, 0, 1300, 444, 145.000000, 21.000000, 1.008236e+05, 1.899711e+01, 4.083693e+02
11, 2020, 10, 26, 6, 1300, 440, 145.000000, 20.000000, 1.005759e+05, 1.918060e+01, 6.728071e+02
11, 2020, 10, 26, 12, 1303, 442, 145.750000, 20.500000, 1.005380e+05, 1.790222e+01, 3.347516e+02
11, 2020, 10, 26, 18, 1303, 440, 145.750000, 20.000000, 1.002211e+05, 1.878600e+01, 3.638690e+02
11, 2020, 10, 27, 0, 1304, 442, 146.000000, 20.500000, 1.003072e+05, 1.989008e+01, 2.994077e+02
11, 2020, 10, 27, 6, 1304, 442, 146.000000, 20.500000, 1.002606e+05, 2.272995e+01, 2.994077e+02
11, 2020, 10, 27, 12, 1303, 442, 145.750000, 20.500000, 1.004943e+05, 1.674929e+01, 3.347516e+02
11, 2020, 10, 27, 18, 1302, 443, 145.500000, 20.750000, 1.002795e+05, 1.915801e+01, 4.002201e+02
11, 2020, 10, 28, 0, 1299, 443, 144.750000, 20.750000, 1.005839e+05, 1.634128e+01, 4.853749e+02
11, 2020, 10, 28, 6, 1299, 443, 144.750000, 20.750000, 1.004321e+05, 2.153058e+01, 4.853749e+02
11, 2020, 10, 28, 12, 1296, 444, 144.000000, 21.000000, 1.006198e+05, 1.629435e+01, 2.887863e+02
11, 2020, 10, 28, 18, 1294, 445, 143.500000, 21.250000, 1.004265e+05, 1.838407e+01, 2.761504e+02
11, 2020, 10, 29, 0, 1291, 446, 142.750000, 21.500000, 1.007665e+05, 1.569893e+01, 2.042724e+02
11, 2020, 10, 29, 6, 1288, 444, 142.000000, 21.000000, 1.004916e+05, 1.437353e+01, 1.549192e+02
11, 2020, 10, 29, 12, 1286, 443, 141.500000, 20.750000, 1.007152e+05, 1.840569e+01, 1.258933e+02
11, 2020, 10, 29, 18, 1281, 442, 140.250000, 20.500000, 1.002075e+05, 1.763949e+01, 2.378765e+02
11, 2020, 10, 30, 0, 1277, 441, 139.250000, 20.250000, 1.001590e+05, 2.270501e+01, 3.688135e+02
11, 2020, 10, 30, 6, 1272, 442, 138.000000, 20.500000, 9.949478e+04, 2.401334e+01, 2.123300e+02
11, 2020, 10, 30, 12, 1267, 442, 136.750000, 20.500000, 9.936839e+04, 2.405578e+01, 2.734950e+02
11, 2020, 10, 30, 18, 1262, 443, 135.500000, 20.750000, 9.896305e+04, 2.548034e+01, 3.708279e+02
11, 2020, 10, 31, 0, 1259, 444, 134.750000, 21.000000, 9.903727e+04, 2.828750e+01, 4.515876e+02
11, 2020, 10, 31, 6, 1256, 446, 134.000000, 21.500000, 9.854873e+04, 3.172889e+01, 5.026805e+02
11, 2020, 10, 31, 12, 1253, 446, 133.250000, 21.500000, 9.764428e+04, 3.533845e+01, 4.782329e+02
11, 2020, 10, 31, 18, 1251, 447, 132.750000, 21.750000, 9.748528e+04, 3.731675e+01, 5.608239e+02
11, 2020, 11, 1, 0, 1248, 447, 132.000000, 21.750000, 9.827510e+04, 3.051412e+01, 5.603661e+02
11, 2020, 11, 1, 6, 1247, 447, 131.750000, 21.750000, 9.855128e+04, 3.584431e+01, 5.538650e+02
11, 2020, 11, 1, 12, 1246, 447, 131.500000, 21.750000, 9.829716e+04, 3.484023e+01, 5.436098e+02
11, 2020, 11, 1, 18, 1244, 446, 131.000000, 21.500000, 9.808844e+04, 2.990695e+01, 4.816208e+02
11, 2020, 11, 2, 0, 1241, 444, 130.250000, 21.000000, 9.861145e+04, 3.154515e+01, 3.665244e+02
11, 2020, 11, 2, 6, 1237, 442, 129.250000, 20.500000, 9.901838e+04, 2.798782e+01, 3.953672e+02
11, 2020, 11, 2, 12, 1233, 439, 128.250000, 19.750000, 9.969541e+04, 2.417392e+01, 3.590161e+02
11, 2020, 11, 2, 18, 1228, 438, 127.000000, 19.500000, 9.942641e+04, 2.510021e+01, 3.501344e+02
11, 2020, 11, 3, 0, 1223, 437, 125.750000, 19.250000, 9.961070e+04, 2.460530e+01, 2.343055e+02
11, 2020, 11, 3, 6, 1219, 434, 124.750000, 18.500000, 9.950834e+04, 2.530851e+01, 8.990852e+01
11, 2020, 11, 3, 12, 1212, 431, 123.000000, 17.750000, 9.991686e+04, 2.502622e+01, 6.921497e+01
11, 2020, 11, 3, 18, 1205, 428, 121.250000, 17.000000, 9.999092e+04, 1.762589e+01, -1.106439e+00
11, 2020, 11, 4, 0, 1198, 427, 119.500000, 16.750000, 1.006145e+05, 2.003724e+01, 4.501548e-01
11, 2020, 11, 4, 6, 1192, 424, 118.000000, 16.000000, 1.001645e+05, 2.187228e+01, -7.666904e-03
11, 2020, 11, 4, 12, 1185, 422, 116.250000, 15.500000, 1.002735e+05, 2.066986e+01, -7.666904e-03
11, 2020, 11, 4, 18, 1178, 419, 114.500000, 14.750000, 1.000977e+05, 2.083623e+01, 5.417191e-01
11, 2020, 11, 5, 0, 1173, 417, 113.250000, 14.250000, 1.001574e+05, 2.062598e+01, -1.014875e+00
11, 2020, 11, 5, 6, 1168, 415, 112.000000, 13.750000, 9.977909e+04, 2.085742e+01, 2.670261e-01
11, 2020, 11, 5, 12, 1164, 413, 111.000000, 13.250000, 1.001854e+05, 2.081633e+01, 4.501548e-01
11, 2020, 11, 5, 18, 1160, 410, 110.000000, 12.500000, 9.995682e+04, 2.119310e+01, 7.248478e-01
11, 2020, 11, 6, 0, 1156, 409, 109.000000, 12.250000, 1.008144e+05, 1.321225e+01, -1.198003e+00
12, 2020, 11, 4, 0, 1366, 402, 161.500000, 10.500000, 1.007575e+05, 1.276845e+01, 6.912341e+01
12, 2020, 11, 4, 6, 1364, 405, 161.000000, 11.250000, 1.005970e+05, 1.404232e+01, -3.029290e+00
12, 2020, 11, 4, 12, 1363, 407, 160.750000, 11.750000, 1.007647e+05, 1.489835e+01, 3.380214e+00
12, 2020, 11, 4, 18, 1360, 409, 160.000000, 12.250000, 1.004815e+05, 1.305326e+01, 2.670261e-01
12, 2020, 11, 5, 0, 1360, 410, 160.000000, 12.500000, 1.004979e+05, 1.452614e+01, -6.486173e-01
12, 2020, 11, 5, 6, 1357, 412, 159.250000, 13.000000, 1.002654e+05, 1.448149e+01, 3.585905e-01
12, 2020, 11, 5, 12, 1354, 414, 158.500000, 13.500000, 1.003655e+05, 1.575910e+01, -2.823599e-01
12, 2020, 11, 5, 18, 1353, 416, 158.250000, 14.000000, 1.002116e+05, 1.868146e+01, 1.754618e-01
12, 2020, 11, 6, 0, 1350, 418, 157.500000, 14.500000, 1.001933e+05, 1.856517e+01, 4.501548e-01
12, 2020, 11, 6, 6, 1346, 421, 156.500000, 15.250000, 9.995749e+04, 1.995147e+01, -7.666904e-03
12, 2020, 11, 6, 12, 1343, 422, 155.750000, 15.500000, 9.963903e+04, 2.222530e+01, -5.570529e-01
12, 2020, 11, 6, 18, 1339, 425, 154.750000, 16.250000, 9.924784e+04, 2.361339e+01, -7.401816e-01
12, 2020, 11, 7, 0, 1335, 427, 153.750000, 16.750000, 9.907212e+04, 2.571330e+01, -1.907956e-01
12, 2020, 11, 7, 6, 1331, 430, 152.750000, 17.500000, 9.896425e+04, 2.457153e+01, 2.670261e-01
12, 2020, 11, 7, 12, 1328, 433, 152.000000, 18.250000, 9.896128e+04, 2.746987e+01, 1.754618e-01
12, 2020, 11, 7, 18, 1326, 436, 151.500000, 19.000000, 9.827891e+04, 2.690455e+01, 8.389743e-02
12, 2020, 11, 8, 0, 1324, 438, 151.000000, 19.500000, 9.777289e+04, 2.730824e+01, -7.666904e-03
12, 2020, 11, 8, 6, 1324, 439, 151.000000, 19.750000, 9.745577e+04, 2.913473e+01, -3.739243e-01
12, 2020, 11, 8, 12, 1323, 441, 150.750000, 20.250000, 9.714884e+04, 3.180172e+01, -2.823599e-01
12, 2020, 11, 8, 18, 1322, 442, 150.500000, 20.500000, 9.682612e+04, 3.319035e+01, 2.670261e-01
12, 2020, 11, 9, 0, 1320, 443, 150.000000, 20.750000, 9.654818e+04, 3.747224e+01, 6.332834e-01
12, 2020, 11, 9, 6, 1319, 443, 149.750000, 20.750000, 9.572589e+04, 3.921778e+01, 8.389743e-02
12, 2020, 11, 9, 12, 1316, 442, 149.000000, 20.500000, 9.545016e+04, 3.897899e+01, 2.031962e+01
12, 2020, 11, 9, 18, 1315, 441, 148.750000, 20.250000, 9.498397e+04, 4.161100e+01, 3.249767e+01
12, 2020, 11, 10, 0, 1312, 441, 148.000000, 20.250000, 9.413833e+04, 5.007026e+01, 1.845860e+02
12, 2020, 11, 10, 6, 1311, 442, 147.750000, 20.500000, 9.433748e+04, 4.596061e+01, 2.013423e+02
12, 2020, 11, 10, 12, 1310, 443, 147.500000, 20.750000, 9.314674e+04, 5.094859e+01, 2.769745e+02
12, 2020, 11, 10, 18, 1310, 444, 147.500000, 21.000000, 9.236739e+04, 5.287632e+01, 3.486693e+02
12, 2020, 11, 11, 0, 1310, 445, 147.500000, 21.250000, 9.239366e+04, 5.406684e+01, 3.416189e+02
12, 2020, 11, 11, 6, 1310, 447, 147.500000, 21.750000, 9.328235e+04, 5.328843e+01, 2.201130e+02
12, 2020, 11, 11, 12, 1311, 449, 147.750000, 22.250000, 9.285062e+04, 5.421742e+01, 3.054510e+02
12, 2020, 11, 11, 18, 1309, 450, 147.250000, 22.500000, 9.248848e+04, 5.695076e+01, 3.009643e+02
12, 2020, 11, 12, 0, 1308, 451, 147.000000, 22.750000, 9.254996e+04, 5.594501e+01, 3.272433e+02
12, 2020, 11, 12, 6, 1305, 454, 146.250000, 23.500000, 9.360914e+04, 5.173210e+01, 3.771458e+02
12, 2020, 11, 12, 12, 1303, 458, 145.750000, 24.500000, 9.424242e+04, 5.066490e+01, 3.326456e+02
12, 2020, 11, 12, 18, 1302, 463, 145.500000, 25.750000, 9.360862e+04, 5.385981e+01, 3.637774e+02
12, 2020, 11, 13, 0, 1304, 469, 146.000000, 27.250000, 9.471436e+04, 4.784854e+01, 2.447438e+02
12, 2020, 11, 13, 6, 1309, 474, 147.250000, 28.500000, 9.495089e+04, 4.591644e+01, 1.556517e+02
12, 2020, 11, 13, 12, 1318, 479, 149.500000, 29.750000, 9.498576e+04, 4.867779e+01, 1.905377e+02
12, 2020, 11, 13, 18, 1329, 483, 152.250000, 30.750000, 9.522243e+04, 4.808878e+01, 5.834403e+02
12, 2020, 11, 14, 0, 1341, 485, 155.250000, 31.250000, 9.653663e+04, 4.087840e+01, 4.501548e-01
12, 2020, 11, 14, 6, 1353, 485, 158.250000, 31.250000, 9.742676e+04, 3.369298e+01, -7.666904e-03
12, 2020, 11, 14, 12, 1364, 485, 161.000000, 31.250000, 9.844080e+04, 3.095491e+01, 3.585905e-01
12, 2020, 11, 14, 18, 1374, 485, 163.500000, 31.250000, 9.903878e+04, 2.633987e+01, -2.823599e-01
12, 2020, 11, 15, 0, 1383, 483, 165.750000, 30.750000, 9.970016e+04, 2.161647e+01, 3.585905e-01
12, 2020, 11, 15, 6, 1392, 482, 168.000000, 30.500000, 9.999225e+04, 2.499255e+01, 3.585905e-01
13, 2020, 12, 21, 0, 870, 272, 37.500000, -22.000000, 1.002998e+05, 1.289340e+01, 1.548927e+00
13, 2020, 12, 21, 12, 870, 274, 37.500000, -21.500000, 1.001583e+05, 1.285916e+01, 2.830827e+00
13, 2020, 12, 21, 18, 872, 274, 38.000000, -21.500000, 1.002591e+05, 1.274399e+01, -5.570529e-01
13, 2020, 12, 22, 6, 875, 274, 38.750000, -21.500000, 1.002411e+05, 1.427236e+01, 3.654907e+00
13, 2020, 12, 22, 18, 879, 274, 39.750000, -21.500000, 1.002042e+05, 1.392897e+01, 2.571966e+02
13, 2020, 12, 23, 0, 881, 272, 40.250000, -22.000000, 1.001051e+05, 1.421086e+01, 1.028809e+03
13, 2020, 12, 23, 6, 880, 272, 40.000000, -22.000000, 1.001153e+05, 1.781877e+01, 7.685834e+02
13, 2020, 12, 23, 12, 882, 271, 40.500000, -22.250000, 9.994517e+04, 1.569327e+01, 1.026795e+03
13, 2020, 12, 23, 18, 879, 270, 39.750000, -22.500000, 9.987990e+04, 1.993976e+01, 6.692361e+02
13, 2020, 12, 24, 0, 880, 272, 40.000000, -22.000000, 9.992203e+04, 1.553965e+01, 7.685834e+02
13, 2020, 12, 24, 6, 880, 271, 40.000000, -22.250000, 1.000251e+05, 1.628908e+01, 9.531771e+02
13, 2020, 12, 24, 12, 882, 271, 40.500000, -22.250000, 9.972875e+04, 1.777298e+01, 1.026795e+03
13, 2020, 12, 24, 18, 883, 271, 40.750000, -22.250000, 9.997162e+04, 1.693344e+01, 9.863234e+02
13, 2020, 12, 25, 0, 882, 274, 40.500000, -21.500000, 9.991631e+04, 1.533249e+01, 1.442497e+03
13, 2020, 12, 25, 6, 884, 274, 41.000000, -21.500000, 1.001312e+05, 1.774260e+01, 1.218897e+03
13, 2020, 12, 25, 12, 887, 274, 41.750000, -21.500000, 9.991030e+04, 1.745607e+01, 1.127149e+03
13, 2020, 12, 25, 18, 885, 277, 41.250000, -20.750000, 1.000106e+05, 1.661976e+01, 1.542943e+03
13, 2020, 12, 26, 0, 886, 279, 41.500000, -20.250000, 9.974258e+04, 1.937042e+01, 1.636613e+03
13, 2020, 12, 26, 6, 885, 282, 41.250000, -19.500000, 9.984799e+04, 1.939897e+01, 1.479603e+02
13, 2020, 12, 26, 12, 887, 283, 41.750000, -19.250000, 9.951116e+04, 1.691592e+01, 6.187841e+02
13, 2020, 12, 26, 18, 888, 287, 42.000000, -18.250000, 9.938182e+04, 2.317487e+01, 5.076250e+02
13, 2020, 12, 27, 0, 888, 288, 42.000000, -18.000000, 9.899331e+04, 2.240716e+01, 3.080148e+02
13, 2020, 12, 27, 6, 890, 293, 42.500000, -16.750000, 9.902893e+04, 2.109800e+01, 1.116318e+01
13, 2020, 12, 27, 12, 894, 292, 43.500000, -17.000000, 9.849877e+04, 2.109533e+01, 1.958554e+03
13, 2020, 12, 27, 18, 897, 292, 44.250000, -17.000000, 9.869817e+04, 2.498483e+01, 1.820017e+03
13, 2020, 12, 28, 0, 899, 290, 44.750000, -17.500000, 9.891398e+04, 1.802994e+01, 1.118542e+03
13, 2020, 12, 28, 6, 902, 285, 45.500000, -18.750000, 9.956010e+04, 1.212816e+01, 8.877086e+02
13, 2020, 12, 28, 12, 901, 274, 45.250000, -21.500000, 9.948658e+04, 9.210472e+00, 7.290276e+02
13, 2020, 12, 28, 18, 909, 276, 47.250000, -21.000000, 9.966605e+04, 1.481113e+01, 4.462769e+02
13, 2020, 12, 29, 0, 911, 271, 47.750000, -22.250000, 9.923386e+04, 1.680020e+01, 3.709195e+02
13, 2020, 12, 29, 6, 912, 266, 48.000000, -23.500000, 9.905352e+04, 1.971031e+01, 4.108415e+02
13, 2020, 12, 29, 12, 912, 262, 48.000000, -24.500000, 9.873261e+04, 2.326818e+01, 4.840014e+02
13, 2020, 12, 29, 18, 912, 262, 48.000000, -24.500000, 9.872567e+04, 2.442375e+01, 4.840014e+02
13, 2020, 12, 30, 0, 913, 261, 48.250000, -24.750000, 9.860378e+04, 2.243266e+01, 4.339157e+02
13, 2020, 12, 30, 6, 911, 261, 47.750000, -24.750000, 9.875540e+04, 2.228337e+01, 5.293257e+02
13, 2020, 12, 30, 12, 913, 262, 48.250000, -24.500000, 9.874409e+04, 1.946686e+01, 4.254002e+02
13, 2020, 12, 30, 18, 913, 263, 48.250000, -24.250000, 9.909289e+04, 1.915890e+01, 4.085524e+02
13, 2020, 12, 31, 0, 913, 262, 48.250000, -24.500000, 9.929688e+04, 1.540159e+01, 4.254002e+02
13, 2020, 12, 31, 6, 911, 263, 47.750000, -24.250000, 9.977166e+04, 1.345643e+01, 4.495732e+02
13, 2020, 12, 31, 18, 910, 273, 47.500000, -21.750000, 1.002195e+05, 9.313742e+00, 4.037911e+02
13, 2021, 1, 1, 12, 915, 282, 48.750000, -19.500000, 1.000301e+05, 1.010901e+01, 3.856613e+02
14, 2021, 1, 2, 18, 917, 275, 49.250000, -21.250000, 1.004377e+05, 8.855632e+00, 2.525268e+02
14, 2021, 1, 3, 0, 918, 273, 49.500000, -21.750000, 1.002488e+05, 9.960322e+00, 2.186480e+02
14, 2021, 1, 4, 0, 920, 280, 50.000000, -20.000000, 1.002069e+05, 1.555064e+01, 2.741360e+02
14, 2021, 1, 4, 6, 921, 279, 50.250000, -20.250000, 1.004212e+05, 1.417332e+01, 2.484980e+02
14, 2021, 1, 4, 12, 924, 280, 51.000000, -20.000000, 1.001593e+05, 1.545714e+01, 2.202961e+02
14, 2021, 1, 4, 18, 921, 280, 50.250000, -20.000000, 1.004006e+05, 1.536349e+01, 2.577459e+02
14, 2021, 1, 5, 0, 920, 281, 50.000000, -19.750000, 1.001991e+05, 1.498997e+01, 2.818274e+02
14, 2021, 1, 5, 6, 918, 283, 49.500000, -19.250000, 1.003092e+05, 1.805120e+01, 3.283420e+02
14, 2021, 1, 5, 12, 919, 282, 49.750000, -19.500000, 1.000906e+05, 1.474983e+01, 3.070076e+02
14, 2021, 1, 5, 18, 918, 283, 49.500000, -19.250000, 1.003194e+05, 1.678384e+01, 3.283420e+02
14, 2021, 1, 6, 0, 916, 282, 49.000000, -19.500000, 1.001542e+05, 1.615871e+01, 3.631365e+02
14, 2021, 1, 6, 6, 918, 274, 49.500000, -21.500000, 1.004158e+05, 1.469286e+01, 2.297273e+02
14, 2021, 1, 6, 12, 919, 272, 49.750000, -22.000000, 1.001618e+05, 2.161879e+01, 1.965810e+02
14, 2021, 1, 6, 18, 916, 273, 49.000000, -21.750000, 1.005213e+05, 1.455510e+01, 2.509702e+02
14, 2021, 1, 7, 0, 916, 272, 49.000000, -22.000000, 1.001221e+05, 1.986853e+01, 2.406234e+02
14, 2021, 1, 7, 6, 917, 273, 49.250000, -21.750000, 1.004522e+05, 1.486325e+01, 2.334814e+02
14, 2021, 1, 7, 12, 917, 271, 49.250000, -22.250000, 1.002179e+05, 1.769219e+01, 2.154432e+02
14, 2021, 1, 7, 18, 916, 272, 49.000000, -22.000000, 1.004716e+05, 1.956783e+01, 2.406234e+02
14, 2021, 1, 8, 0, 915, 273, 48.750000, -21.750000, 1.004267e+05, 1.871815e+01, 2.646133e+02
15, 2021, 1, 10, 0, 887, 288, 41.750000, -18.000000, 1.003393e+05, 1.046916e+01, 8.478091e+01
15, 2021, 1, 11, 0, 881, 295, 40.250000, -16.250000, 1.005496e+05, 1.128807e+01, 1.088849e+01
15, 2021, 1, 11, 18, 881, 296, 40.250000, -16.000000, 1.005828e+05, 1.264746e+01, 7.866866e+00
15, 2021, 1, 12, 0, 883, 295, 40.750000, -16.250000, 1.003542e+05, 1.598745e+01, 5.417191e-01
15, 2021, 1, 12, 6, 881, 290, 40.250000, -17.500000, 1.004088e+05, 1.469256e+01, -1.289568e+00
15, 2021, 1, 12, 12, 890, 289, 42.500000, -17.750000, 9.998762e+04, 1.700959e+01, 4.363880e+02
15, 2021, 1, 12, 18, 892, 285, 43.000000, -18.750000, 9.991266e+04, 1.744341e+01, 1.756563e+03
15, 2021, 1, 13, 0, 889, 283, 42.250000, -19.250000, 9.951123e+04, 1.920321e+01, 1.954158e+03
15, 2021, 1, 13, 6, 894, 280, 43.500000, -20.000000, 9.934756e+04, 2.258960e+01, 1.001065e+03
15, 2021, 1, 13, 12, 896, 276, 44.000000, -21.000000, 9.892783e+04, 1.930118e+01, 8.412855e+02
15, 2021, 1, 13, 18, 899, 273, 44.750000, -21.750000, 9.935530e+04, 1.385014e+01, 9.264403e+02
15, 2021, 1, 14, 0, 902, 269, 45.500000, -22.750000, 9.952826e+04, 1.002222e+01, 6.981704e+02
15, 2021, 1, 14, 6, 907, 258, 46.750000, -25.500000, 9.967920e+04, 1.747006e+01, 6.499160e+02
15, 2021, 1, 14, 12, 913, 258, 48.250000, -25.500000, 9.933233e+04, 2.050247e+01, 3.896902e+02
15, 2021, 1, 14, 18, 911, 252, 47.750000, -27.000000, 9.914958e+04, 2.310730e+01, 2.709312e+02
15, 2021, 1, 15, 0, 909, 251, 47.250000, -27.250000, 9.881373e+04, 2.350810e+01, 2.998655e+02
15, 2021, 1, 15, 6, 908, 245, 47.000000, -28.750000, 9.878277e+04, 2.172043e+01, 2.789889e+02
15, 2021, 1, 15, 12, 909, 240, 47.250000, -30.000000, 9.866473e+04, 2.051147e+01, 9.210606e+01
15, 2021, 1, 15, 18, 908, 235, 47.000000, -31.250000, 9.871277e+04, 2.204653e+01, 8.389743e-02
15, 2021, 1, 16, 0, 908, 229, 47.000000, -32.750000, 9.839816e+04, 2.384719e+01, 3.695460e+02
15, 2021, 1, 16, 6, 909, 225, 47.250000, -33.750000, 9.814434e+04, 2.563956e+01, 1.409900e+03
15, 2021, 1, 16, 12, 909, 218, 47.250000, -35.500000, 9.787545e+04, 2.684651e+01, 1.911398e+03
15, 2021, 1, 16, 18, 907, 217, 46.750000, -35.750000, 9.780677e+04, 2.583024e+01, 2.066691e+03
15, 2021, 1, 17, 0, 909, 213, 47.250000, -36.750000, 9.780938e+04, 2.046465e+01, 2.337630e+03
15, 2021, 1, 17, 6, 911, 211, 47.750000, -37.250000, 9.803645e+04, 1.849789e+01, 1.351116e+03
15, 2021, 1, 17, 12, 912, 206, 48.000000, -38.500000, 9.797078e+04, 1.798010e+01, 1.810494e+03
15, 2021, 1, 17, 18, 915, 203, 48.750000, -39.250000, 9.803000e+04, 1.881198e+01, -4.322604e+01
15, 2021, 1, 18, 0, 918, 201, 49.500000, -39.750000, 9.794534e+04, 1.896766e+01, -2.692758e+01
15, 2021, 1, 18, 6, 925, 200, 51.250000, -40.000000, 9.810734e+04, 1.919480e+01, -2.830105e+01
15, 2021, 1, 18, 12, 934, 197, 53.500000, -40.750000, 9.834164e+04, 1.727726e+01, -6.600299e+00
15, 2021, 1, 18, 18, 946, 196, 56.500000, -41.000000, 9.856552e+04, 1.757443e+01, 8.615437e+01
15, 2021, 1, 19, 0, 961, 193, 60.250000, -41.750000, 9.865125e+04, 1.800539e+01, 8.697845e+01
16, 2021, 2, 3, 18, 1003, 313, 70.750000, -11.750000, 1.008846e+05, 1.163364e+01, 8.389743e-02
16, 2021, 2, 4, 0, 1003, 312, 70.750000, -12.000000, 1.005730e+05, 1.225101e+01, 5.417191e-01
16, 2021, 2, 4, 6, 1003, 311, 70.750000, -12.250000, 1.006371e+05, 1.227614e+01, -7.666904e-03
16, 2021, 2, 4, 12, 1002, 311, 70.500000, -12.250000, 1.001633e+05, 1.783163e+01, -2.823599e-01
16, 2021, 2, 4, 18, 998, 309, 69.500000, -12.750000, 1.004426e+05, 1.579104e+01, 3.585905e-01
16, 2021, 2, 5, 0, 996, 308, 69.000000, -13.000000, 9.990762e+04, 1.970608e+01, -4.654886e-01
16, 2021, 2, 5, 6, 993, 309, 68.250000, -12.750000, 9.988965e+04, 2.041271e+01, 9.079765e-01
16, 2021, 2, 5, 12, 991, 308, 67.750000, -13.000000, 9.946095e+04, 2.049442e+01, 3.585905e-01
16, 2021, 2, 5, 18, 990, 308, 67.500000, -13.000000, 9.954000e+04, 2.549968e+01, 8.164122e-01
16, 2021, 2, 6, 0, 987, 307, 66.750000, -13.250000, 9.856553e+04, 2.497712e+01, -4.654886e-01
16, 2021, 2, 6, 6, 983, 306, 65.750000, -13.500000, 9.826455e+04, 2.900801e+01, 1.754618e-01
16, 2021, 2, 6, 12, 981, 307, 65.250000, -13.250000, 9.814531e+04, 2.461795e+01, -1.907956e-01
16, 2021, 2, 6, 18, 978, 306, 64.500000, -13.500000, 9.780100e+04, 3.404556e+01, -3.739243e-01
16, 2021, 2, 7, 0, 975, 306, 63.750000, -13.500000, 9.715094e+04, 3.137287e+01, -9.923124e-02
16, 2021, 2, 7, 6, 972, 304, 63.000000, -14.000000, 9.718639e+04, 3.133103e+01, 6.332834e-01
16, 2021, 2, 7, 12, 969, 303, 62.250000, -14.250000, 9.589547e+04, 3.933126e+01, 5.417191e-01
16, 2021, 2, 7, 18, 965, 301, 61.250000, -14.750000, 9.587123e+04, 4.215561e+01, 7.248478e-01
16, 2021, 2, 8, 0, 960, 300, 60.000000, -15.000000, 9.525641e+04, 4.039820e+01, 7.248478e-01
16, 2021, 2, 8, 6, 955, 299, 58.750000, -15.250000, 9.556342e+04, 4.187192e+01, -7.666904e-03
16, 2021, 2, 8, 12, 951, 296, 57.750000, -16.000000, 9.514909e+04, 4.211303e+01, 1.754618e-01
16, 2021, 2, 8, 18, 946, 295, 56.500000, -16.250000, 9.433315e+04, 4.633689e+01, 8.389743e-02
16, 2021, 2, 9, 0, 940, 293, 55.000000, -16.750000, 9.428973e+04, 4.258577e+01, -4.551514e+01
16, 2021, 2, 9, 6, 936, 292, 54.000000, -17.000000, 9.400922e+04, 4.961937e+01, 2.618663e+02
16, 2021, 2, 9, 12, 931, 289, 52.750000, -17.750000, 9.423383e+04, 4.839168e+01, 5.326221e+02
16, 2021, 2, 9, 18, 928, 289, 52.000000, -17.750000, 9.447652e+04, 5.379965e+01, 6.332513e+02
16, 2021, 2, 10, 0, 925, 286, 51.250000, -18.500000, 9.400445e+04, 5.364167e+01, 3.667991e+02
16, 2021, 2, 10, 6, 921, 284, 50.250000, -19.000000, 9.483191e+04, 4.437837e+01, 2.940970e+02
16, 2021, 2, 10, 12, 918, 284, 49.500000, -19.000000, 9.481406e+04, 4.722800e+01, 3.359419e+02
16, 2021, 2, 10, 18, 918, 283, 49.500000, -19.250000, 9.580152e+04, 4.371848e+01, 3.283420e+02
16, 2021, 2, 11, 0, 918, 282, 49.500000, -19.500000, 9.618988e+04, 3.528336e+01, 3.242216e+02
16, 2021, 2, 11, 6, 918, 279, 49.500000, -20.250000, 9.625541e+04, 3.671483e+01, 2.964777e+02
16, 2021, 2, 11, 12, 919, 277, 49.750000, -20.750000, 9.578620e+04, 3.438031e+01, 2.597604e+02
16, 2021, 2, 11, 18, 920, 275, 50.000000, -21.250000, 9.603396e+04, 3.745098e+01, 2.279875e+02
16, 2021, 2, 12, 0, 922, 272, 50.500000, -22.000000, 9.567127e+04, 3.759508e+01, 1.672804e+02
16, 2021, 2, 12, 6, 922, 270, 50.500000, -22.500000, 9.563623e+04, 3.744609e+01, 1.565674e+02
16, 2021, 2, 12, 12, 926, 266, 51.500000, -23.500000, 9.539085e+04, 3.731541e+01, 4.229506e+01
16, 2021, 2, 12, 18, 931, 261, 52.750000, -24.750000, 9.536541e+04, 3.843777e+01, 6.332834e-01
16, 2021, 2, 13, 0, 934, 255, 53.500000, -26.250000, 9.531683e+04, 3.933746e+01, 3.838035e+00
16, 2021, 2, 13, 6, 938, 250, 54.500000, -27.500000, 9.526016e+04, 3.688074e+01, 8.544708e+02
16, 2021, 2, 13, 12, 944, 244, 56.000000, -29.000000, 9.564270e+04, 3.590706e+01, 1.870743e+03
16, 2021, 2, 13, 18, 950, 239, 57.500000, -30.250000, 9.639988e+04, 3.033901e+01, 1.990143e+03
16, 2021, 2, 14, 0, 958, 234, 59.500000, -31.500000, 9.702570e+04, 3.317175e+01, 1.233547e+03
16, 2021, 2, 14, 6, 965, 234, 61.250000, -31.500000, 9.809183e+04, 2.992181e+01, 5.432435e+02
16, 2021, 2, 14, 12, 969, 233, 62.250000, -31.750000, 9.841267e+04, 2.532563e+01, 5.734598e+02
16, 2021, 2, 14, 18, 977, 234, 64.250000, -31.500000, 9.908496e+04, 2.137839e+01, 8.042935e+02
16, 2021, 2, 15, 0, 982, 235, 65.500000, -31.250000, 9.941304e+04, 1.883620e+01, 1.081093e+03
16, 2021, 2, 15, 6, 988, 235, 67.000000, -31.250000, 9.978577e+04, 1.675822e+01, 2.059549e+03
16, 2021, 2, 15, 12, 991, 234, 67.750000, -31.500000, 9.978618e+04, 1.626545e+01, 2.149740e+03
16, 2021, 2, 15, 18, 996, 234, 69.000000, -31.500000, 1.000795e+05, 1.554306e+01, 1.878709e+03
16, 2021, 2, 16, 0, 999, 230, 69.750000, -32.500000, 1.000776e+05, 1.443521e+01, 1.963681e+03
17, 2021, 2, 5, 6, 934, 294, 53.500000, -16.500000, 1.005184e+05, 1.035424e+01, -1.255198e+01
17, 2021, 2, 5, 18, 926, 289, 51.500000, -17.750000, 1.004313e+05, 1.264937e+01, 6.174106e+02
17, 2021, 2, 6, 0, 929, 287, 52.250000, -18.250000, 1.001905e+05, 1.221670e+01, 4.324507e+02
17, 2021, 2, 6, 6, 926, 284, 51.500000, -19.000000, 1.003895e+05, 1.401890e+01, 2.756926e+02
17, 2021, 2, 6, 12, 925, 282, 51.250000, -19.500000, 1.001110e+05, 1.362601e+01, 2.409897e+02
17, 2021, 2, 6, 18, 923, 278, 50.750000, -20.500000, 1.003060e+05, 1.341684e+01, 2.115060e+02
17, 2021, 2, 7, 0, 921, 274, 50.250000, -21.500000, 1.000256e+05, 1.581343e+01, 2.008845e+02
17, 2021, 2, 7, 6, 914, 270, 48.500000, -22.500000, 9.990820e+04, 1.848423e+01, 2.881453e+02
17, 2021, 2, 7, 12, 914, 267, 48.500000, -23.250000, 9.961552e+04, 1.772961e+01, 3.190025e+02
17, 2021, 2, 7, 18, 908, 262, 47.000000, -24.500000, 9.966038e+04, 2.126991e+01, 5.832571e+02
17, 2021, 2, 8, 0, 904, 258, 46.000000, -25.500000, 9.940959e+04, 2.241302e+01, 6.508317e+02
17, 2021, 2, 8, 6, 901, 256, 45.250000, -26.000000, 9.955995e+04, 2.170995e+01, 7.348877e+02
17, 2021, 2, 8, 12, 899, 253, 44.750000, -26.750000, 9.921016e+04, 2.213108e+01, 6.190588e+02
17, 2021, 2, 8, 18, 897, 250, 44.250000, -27.500000, 9.916570e+04, 2.237744e+01, 5.744670e+02
17, 2021, 2, 9, 0, 895, 247, 43.750000, -28.250000, 9.944887e+04, 2.333658e+01, 6.157625e+02
17, 2021, 2, 9, 6, 892, 245, 43.000000, -28.750000, 9.982142e+04, 2.022932e+01, 6.437812e+02
17, 2021, 2, 9, 12, 891, 243, 42.750000, -29.250000, 9.985824e+04, 1.897125e+01, 5.861873e+02
18, 2021, 2, 20, 0, 891, 287, 42.750000, -18.250000, 1.001793e+05, 1.032473e+01, 2.080609e+03
18, 2021, 2, 20, 6, 889, 288, 42.250000, -18.000000, 1.003540e+05, 1.126825e+01, 5.298752e+02
18, 2021, 2, 20, 12, 889, 289, 42.250000, -17.750000, 1.000846e+05, 1.343545e+01, 1.724995e+02
18, 2021, 2, 20, 18, 893, 290, 43.250000, -17.500000, 1.003101e+05, 1.569908e+01, 1.607496e+03
18, 2021, 2, 21, 0, 891, 290, 42.750000, -17.500000, 9.981176e+04, 1.489431e+01, 4.277809e+02
18, 2021, 2, 21, 6, 893, 290, 43.250000, -17.500000, 9.990766e+04, 1.647509e+01, 1.607496e+03
18, 2021, 2, 21, 12, 893, 288, 43.250000, -18.000000, 9.959461e+04, 1.529629e+01, 2.022832e+03
18, 2021, 2, 21, 18, 892, 287, 43.000000, -18.250000, 9.979834e+04, 1.634417e+01, 2.096175e+03
18, 2021, 2, 22, 0, 891, 286, 42.750000, -18.500000, 9.941291e+04, 1.588614e+01, 2.017704e+03
18, 2021, 2, 22, 6, 889, 287, 42.250000, -18.250000, 9.937015e+04, 1.859011e+01, 1.103984e+03
18, 2021, 2, 22, 12, 889, 285, 42.250000, -18.750000, 9.903099e+04, 2.072920e+01, 1.607404e+03
18, 2021, 2, 22, 18, 889, 284, 42.250000, -19.000000, 9.909517e+04, 2.320000e+01, 1.905996e+03
18, 2021, 2, 23, 0, 888, 283, 42.000000, -19.250000, 9.880566e+04, 2.285494e+01, 1.318244e+03
18, 2021, 2, 23, 6, 888, 284, 42.000000, -19.000000, 9.856594e+04, 2.319326e+01, 1.028168e+03
18, 2021, 2, 23, 12, 888, 285, 42.000000, -18.750000, 9.826509e+04, 2.459608e+01, 8.316712e+02
18, 2021, 2, 23, 18, 889, 286, 42.250000, -18.500000, 9.806615e+04, 3.041339e+01, 1.478207e+03
18, 2021, 2, 24, 0, 893, 285, 43.250000, -18.750000, 9.737857e+04, 3.751778e+01, 1.685234e+03
18, 2021, 2, 24, 6, 896, 284, 44.000000, -19.000000, 9.765851e+04, 2.875455e+01, 1.437003e+03
18, 2021, 2, 24, 12, 898, 282, 44.500000, -19.500000, 9.768333e+04, 2.422101e+01, 9.727719e+02
18, 2021, 2, 24, 18, 900, 280, 45.000000, -20.000000, 9.851997e+04, 2.199504e+01, 7.404731e+02
18, 2021, 2, 25, 0, 902, 278, 45.500000, -20.500000, 9.920716e+04, 1.529117e+01, 6.511979e+02
18, 2021, 2, 25, 6, 903, 275, 45.750000, -21.250000, 1.000545e+05, 1.343715e+01, 7.869878e+02
18, 2021, 2, 25, 12, 905, 273, 46.250000, -21.750000, 1.001114e+05, 9.642034e+00, 6.631928e+02
18, 2021, 2, 25, 18, 909, 272, 47.250000, -22.000000, 1.004349e+05, 1.372161e+01, 4.523202e+02
18, 2021, 2, 26, 0, 905, 259, 46.250000, -25.250000, 1.002553e+05, 1.580584e+01, 7.034811e+02
18, 2021, 2, 26, 6, 910, 255, 47.500000, -26.250000, 1.004419e+05, 1.514294e+01, 4.186245e+02
18, 2021, 2, 26, 12, 910, 251, 47.500000, -27.250000, 1.000743e+05, 1.780480e+01, 2.720300e+02
18, 2021, 2, 26, 18, 915, 247, 48.750000, -28.250000, 1.002748e+05, 1.948112e+01, -2.479904e+00
18, 2021, 2, 27, 0, 917, 238, 49.250000, -30.500000, 1.000533e+05, 1.859089e+01, 4.845243e+00
18, 2021, 2, 27, 6, 920, 229, 50.000000, -32.750000, 9.969884e+04, 1.923090e+01, 2.611957e+03
18, 2021, 2, 27, 12, 925, 222, 51.250000, -34.500000, 9.977295e+04, 1.910017e+01, 8.527310e+02
18, 2021, 2, 27, 18, 933, 214, 53.250000, -36.500000, 9.968823e+04, 2.019014e+01, 3.742158e+02
18, 2021, 2, 28, 0, 946, 207, 56.500000, -38.250000, 9.953975e+04, 2.245957e+01, 8.981469e+02
